[
    {
        "nom": "peetyfofaj",
        "score": 2,
        "total": 10,
        "date": "2024-10-23 04:51:51"
    },
    {
        "nom": "moheicepuh",
        "score": 6,
        "total": 10,
        "date": "2024-12-18 05:37:28"
    },
    {
        "nom": "exapalexalin",
        "score": 9,
        "total": 10,
        "date": "2023-06-10 11:56:59"
    },
    {
        "nom": "ulricmyhiltaingeysig",
        "score": 9,
        "total": 10,
        "date": "2025-05-20 21:09:27"
    },
    {
        "nom": "albjadeery",
        "score": 6,
        "total": 10,
        "date": "2023-10-30 13:49:46"
    },
    {
        "nom": "syahykava",
        "score": 4,
        "total": 10,
        "date": "2023-10-12 14:03:18"
    },
    {
        "nom": "exdesubexenreim",
        "score": 5,
        "total": 10,
        "date": "2025-06-29 10:58:31"
    },
    {
        "nom": "leia\u00e9harta",
        "score": 1,
        "total": 10,
        "date": "2024-06-15 05:25:12"
    },
    {
        "nom": "emensubdedeexapmiim",
        "score": 0,
        "total": 10,
        "date": "2025-02-02 03:07:39"
    },
    {
        "nom": "wadeopewuw",
        "score": 1,
        "total": 10,
        "date": "2023-10-14 11:02:24"
    },
    {
        "nom": "smieddaelsmy",
        "score": 1,
        "total": 10,
        "date": "2025-10-04 18:19:13"
    },
    {
        "nom": "exsubdeac",
        "score": 3,
        "total": 10,
        "date": "2023-10-16 21:10:51"
    },
    {
        "nom": "siuaxu",
        "score": 7,
        "total": 10,
        "date": "2024-11-13 03:33:03"
    },
    {
        "nom": "nogeew",
        "score": 10,
        "total": 10,
        "date": "2024-10-22 04:43:14"
    },
    {
        "nom": "xaazimugak",
        "score": 3,
        "total": 10,
        "date": "2025-06-15 06:20:17"
    },
    {
        "nom": "daveynyeythoar",
        "score": 0,
        "total": 10,
        "date": "2025-04-22 19:01:35"
    },
    {
        "nom": "deeximsubapreenemap",
        "score": 10,
        "total": 10,
        "date": "2024-12-05 01:47:18"
    },
    {
        "nom": "gadifub",
        "score": 1,
        "total": 10,
        "date": "2025-09-12 15:28:17"
    },
    {
        "nom": "manvadagehedgelar",
        "score": 2,
        "total": 10,
        "date": "2024-08-25 20:33:37"
    },
    {
        "nom": "retuo",
        "score": 2,
        "total": 10,
        "date": "2025-07-01 19:24:23"
    },
    {
        "nom": "huquee",
        "score": 3,
        "total": 10,
        "date": "2025-02-06 08:37:52"
    },
    {
        "nom": "deincoemapde",
        "score": 0,
        "total": 10,
        "date": "2022-12-14 02:57:21"
    },
    {
        "nom": "excoexre",
        "score": 8,
        "total": 10,
        "date": "2025-10-26 13:51:17"
    },
    {
        "nom": "pysouv",
        "score": 1,
        "total": 10,
        "date": "2024-02-09 04:25:55"
    },
    {
        "nom": "indeexenemmimiafexex",
        "score": 3,
        "total": 10,
        "date": "2024-09-03 06:38:19"
    },
    {
        "nom": "lobinipyg",
        "score": 3,
        "total": 10,
        "date": "2024-11-12 22:59:54"
    },
    {
        "nom": "wyque",
        "score": 1,
        "total": 10,
        "date": "2025-11-21 04:10:27"
    },
    {
        "nom": "apexemenencode",
        "score": 3,
        "total": 10,
        "date": "2024-10-15 07:14:30"
    },
    {
        "nom": "zayipy",
        "score": 2,
        "total": 10,
        "date": "2024-09-30 23:36:02"
    },
    {
        "nom": "saiposar",
        "score": 2,
        "total": 10,
        "date": "2023-11-28 13:09:41"
    },
    {
        "nom": "acimreacmi",
        "score": 5,
        "total": 10,
        "date": "2023-05-10 12:35:02"
    },
    {
        "nom": "pibudafomu",
        "score": 3,
        "total": 10,
        "date": "2023-07-05 16:50:07"
    }
]