-- phpMyAdmin SQL Dump
-- version 5.2.1deb3
-- https://www.phpmyadmin.net/
--
-- Hôte : localhost:3306
-- Généré le : ven. 14 mars 2025 à 15:27
-- Version du serveur : 10.11.8-MariaDB-0ubuntu0.24.04.1
-- Version de PHP : 8.2.23

SET SQL_MODE = "NO_AUTO_VALUE_ON_ZERO";
START TRANSACTION;
SET time_zone = "+00:00";


/*!40101 SET @OLD_CHARACTER_SET_CLIENT=@@CHARACTER_SET_CLIENT */;
/*!40101 SET @OLD_CHARACTER_SET_RESULTS=@@CHARACTER_SET_RESULTS */;
/*!40101 SET @OLD_COLLATION_CONNECTION=@@COLLATION_CONNECTION */;
/*!40101 SET NAMES utf8mb4 */;

--
-- Base de données : `ipm-animaux`
--

-- --------------------------------------------------------

--
-- Structure de la table `animals`
--

CREATE TABLE `animals` (
  `id` bigint(20) UNSIGNED NOT NULL,
  `nom` text NOT NULL,
  `description` text DEFAULT NULL,
  `dob` date DEFAULT NULL,
  `race` bigint(20) UNSIGNED DEFAULT NULL,
  `race_mere` bigint(20) UNSIGNED DEFAULT NULL,
  `race_pere` bigint(20) UNSIGNED DEFAULT NULL,
  `created_at` timestamp NULL DEFAULT NULL,
  `updated_at` timestamp NULL DEFAULT NULL,
  `deleted_at` timestamp NULL DEFAULT NULL
) ENGINE=InnoDB DEFAULT CHARSET=utf8mb4 COLLATE=utf8mb4_unicode_ci;

--
-- Déchargement des données de la table `animals`
--

INSERT INTO `animals` (`id`, `nom`, `description`, `dob`, `race`, `race_mere`, `race_pere`, `created_at`, `updated_at`, `deleted_at`) VALUES
(1, 'River', 'Error dicta qui voluptate beatae. Voluptates nihil qui ut debitis ut aut est. Sapiente accusantium rerum dolor. Sit ut aut nihil cupiditate. Cum vero est nisi sint.', '2017-12-29', 9, 9, 9, '2025-03-14 14:24:17', '2025-03-14 14:24:17', NULL),
(2, 'Casimer', 'Et ea magni aliquid est sed. Et dolores sed placeat eos eveniet rerum architecto. Et laudantium quae libero velit et.', '2019-07-04', 9, 28, 21, '2025-03-14 14:24:17', '2025-03-14 14:24:17', NULL),
(3, 'Hubert', 'Harum praesentium voluptatem quia cum. Amet iusto eveniet vel repellendus repellendus minus dolores. Qui beatae corporis ducimus itaque natus quia. Aut neque deserunt omnis sunt a ipsa aut.', '2022-04-28', 25, 11, 23, '2025-03-14 14:24:17', '2025-03-14 14:24:17', NULL),
(4, 'Alexa', 'Aut qui aut est quis quos. Aspernatur ut illo et eum maiores qui ipsa. Hic molestiae ut dolor illum aut quam. Similique sed eum ea veritatis omnis exercitationem voluptatem.', '2020-09-17', 2, 9, 11, '2025-03-14 14:24:17', '2025-03-14 14:24:17', NULL),
(5, 'Neal', 'Iure aperiam qui ut quaerat ad enim. Dolor dolorem ratione qui.', '2023-12-13', 7, 17, 14, '2025-03-14 14:24:17', '2025-03-14 14:24:17', NULL),
(6, 'Maxie', 'Ut omnis accusantium vel id animi vero aut. Blanditiis dolor qui omnis ducimus et.', '2020-09-27', 1, 5, 9, '2025-03-14 14:24:17', '2025-03-14 14:24:17', NULL),
(7, 'Amy', 'Rem voluptates adipisci quia veritatis. Aliquam velit ut explicabo nihil aut. Magnam repudiandae rerum perspiciatis temporibus omnis. Reiciendis qui voluptatum ad.', '2020-11-05', 21, 8, 3, '2025-03-14 14:24:17', '2025-03-14 14:24:17', NULL),
(8, 'Missouri', 'Consectetur corrupti beatae et inventore occaecati. Provident quidem eligendi aut suscipit qui eligendi aperiam. Aut voluptate perferendis quia odio soluta.', '2021-06-02', 3, 19, 22, '2025-03-14 14:24:17', '2025-03-14 14:24:17', NULL),
(9, 'Rory', 'Quis delectus tempora similique. Ex ipsa et aperiam et sit eius. Voluptatem fugiat quas omnis.', '2016-05-16', 24, 32, 24, '2025-03-14 14:24:17', '2025-03-14 14:24:17', NULL),
(10, 'Santos', 'Earum voluptas iste ipsum a excepturi saepe quaerat. Maxime dolorem saepe eos eum. Cumque neque voluptatem facilis voluptatem. Deleniti laudantium et adipisci nam ratione est.', '2019-05-17', 16, 31, 11, '2025-03-14 14:24:17', '2025-03-14 14:24:17', NULL),
(11, 'Constance', 'Adipisci numquam nostrum eligendi harum amet repellendus. Ab ducimus quibusdam aut ea voluptatem minima. Blanditiis doloribus rerum qui atque laborum. Consequatur ut voluptatem illo aut. Ad quia et fuga voluptas temporibus omnis.', '2021-06-09', 31, 7, 27, '2025-03-14 14:24:17', '2025-03-14 14:24:17', NULL),
(12, 'Duane', 'Laboriosam consequatur reprehenderit autem labore sit ut. In eos unde earum voluptas. Voluptas reiciendis incidunt et voluptates.', '2023-08-04', 24, 25, 15, '2025-03-14 14:24:17', '2025-03-14 14:24:17', NULL),
(13, 'Josiane', 'Quam sequi libero et maxime eum et et. Dignissimos esse animi sit placeat neque aut. Recusandae nihil itaque repudiandae debitis totam explicabo. Deserunt dolores provident saepe. Sit qui quae recusandae sequi.', '2016-10-23', 16, 17, 1, '2025-03-14 14:24:17', '2025-03-14 14:24:17', NULL),
(14, 'Kyra', 'Aut et in ut. Facilis provident id animi molestiae. Aut ut voluptatem nisi non accusamus et quidem culpa.', '2016-08-15', 7, 31, 9, '2025-03-14 14:24:17', '2025-03-14 14:24:17', NULL),
(15, 'Lucas', 'Et et eos natus fugit rerum. Minima aspernatur rerum temporibus voluptatum fuga vitae reprehenderit quaerat. Itaque et ipsam temporibus rerum et. Et eius ex excepturi mollitia fugiat eum.', '2019-12-08', 33, 27, 28, '2025-03-14 14:24:17', '2025-03-14 14:24:17', NULL),
(16, 'Davon', 'Quo rerum ducimus et. Reiciendis eos ut minima culpa. Et quas animi qui id voluptatem nisi voluptatibus.', '2024-04-04', 11, 33, 15, '2025-03-14 14:24:17', '2025-03-14 14:24:17', NULL),
(17, 'Pinkie', 'Dolor sunt eaque iusto labore repellat. Et eum consequatur odit doloribus ullam sapiente sit. Commodi et iusto corporis ut. Laborum est quibusdam placeat asperiores.', '2015-07-17', 6, 20, 14, '2025-03-14 14:24:17', '2025-03-14 14:24:17', NULL),
(18, 'Ava', 'Magnam aperiam rem soluta consectetur. Itaque quo et aliquid odit. In accusamus labore laborum accusantium sapiente dolorem.', '2024-06-25', 30, 4, 22, '2025-03-14 14:24:17', '2025-03-14 14:24:17', NULL),
(19, 'Newton', 'Totam quae ipsa iusto qui. Ea assumenda omnis qui nesciunt. Voluptate dolor cupiditate dignissimos ut facere.', '2021-11-25', 17, 22, 31, '2025-03-14 14:24:17', '2025-03-14 14:24:17', NULL),
(20, 'Savanna', 'Illo quidem molestiae et. Doloribus consequatur sit consequatur. Velit saepe ipsum ad voluptatem suscipit omnis aut. Nesciunt tenetur quia aperiam earum aut ab nihil.', '2023-06-05', 21, 18, 31, '2025-03-14 14:24:17', '2025-03-14 14:24:17', NULL),
(21, 'Margarett', 'Sit quo corrupti nihil aperiam voluptatem eligendi. Unde qui omnis delectus dolorem sit. Adipisci incidunt quis atque adipisci accusantium est tempora. Et nisi aut saepe temporibus aut id recusandae officiis.', '2018-07-12', 10, 31, 14, '2025-03-14 14:24:17', '2025-03-14 14:24:17', NULL),
(22, 'Bridgette', 'Necessitatibus dolor sapiente qui aut. In aut cupiditate vitae atque et unde. Sapiente magnam deleniti aliquam rerum.', '2018-11-05', 20, 30, 6, '2025-03-14 14:24:17', '2025-03-14 14:24:17', NULL),
(23, 'Robert', 'Et non voluptatem autem exercitationem consectetur architecto. Impedit ab dignissimos iure odit sed amet. Omnis corporis laborum tempore commodi ea.', '2018-09-23', 23, 30, 20, '2025-03-14 14:24:17', '2025-03-14 14:24:17', NULL),
(24, 'Haskell', 'Consequatur nam est consequatur. Perferendis id maxime tempore. Aperiam illo nihil in possimus qui. Suscipit quia perferendis odit aut qui eos.', '2015-12-25', 23, 32, 2, '2025-03-14 14:24:17', '2025-03-14 14:24:17', NULL),
(25, 'Wyman', 'Totam dolor distinctio facere. Et enim corrupti perferendis et iste animi sed. Odit et et rerum vitae nulla quia. Aliquid eos odio tempore quisquam sapiente molestiae expedita.', '2024-11-24', 25, 26, 19, '2025-03-14 14:24:17', '2025-03-14 14:24:17', NULL),
(26, 'Howell', 'Eligendi labore voluptas impedit cumque ipsam non. Aliquam mollitia consequatur non. Voluptatem vero aut ducimus dignissimos. Autem dolorem quasi voluptatem minus consequatur voluptas.', '2023-10-21', 27, 4, 31, '2025-03-14 14:24:17', '2025-03-14 14:24:17', NULL),
(27, 'Dennis', 'Ut ipsa mollitia voluptates aspernatur ut voluptatibus eos. Neque hic vero vero eius sit officiis. Laboriosam reprehenderit fuga non autem enim minima.', '2024-06-06', 26, 14, 28, '2025-03-14 14:24:17', '2025-03-14 14:24:17', NULL),
(28, 'Noel', 'Velit reiciendis nisi cupiditate. Et qui tenetur minima magni et. Velit aut similique placeat sint qui doloribus dolorum. Quisquam dolorem rerum velit ea iure voluptas. Quisquam aliquam error dolorum placeat.', '2022-10-11', 13, 13, 8, '2025-03-14 14:24:17', '2025-03-14 14:24:17', NULL),
(29, 'Laney', 'Voluptatem dolorem cupiditate reiciendis error sed vel. Commodi aut et omnis nesciunt. Doloribus ut vero dolor aut nesciunt voluptates. Doloremque neque qui beatae quas molestiae sunt.', '2023-12-17', 11, 24, 33, '2025-03-14 14:24:17', '2025-03-14 14:24:17', NULL),
(30, 'Cory', 'Ea aliquam sint nisi inventore quia molestias dolorum. Ipsum explicabo eligendi nesciunt. Voluptatem sit odio dolores et quibusdam laborum maiores modi.', '2016-01-24', 29, 15, 25, '2025-03-14 14:24:17', '2025-03-14 14:24:17', NULL),
(31, 'Jordy', 'Nihil id non laborum ullam labore laboriosam doloribus. Molestias ut rerum voluptatum nisi explicabo repellendus. Et delectus omnis deserunt est dolor et.', '2018-09-21', 8, 16, 11, '2025-03-14 14:24:17', '2025-03-14 14:24:17', NULL),
(32, 'Louisa', 'Placeat aut voluptatem quam. Soluta hic ea eos. Fugiat quis quis rerum ut architecto quia. Doloremque illum explicabo hic quaerat numquam iusto.', '2015-04-28', 3, 3, 13, '2025-03-14 14:24:17', '2025-03-14 14:24:17', NULL),
(33, 'Dana', 'Sed odio ab quis ducimus nihil aliquid labore. Explicabo quas velit qui et rem ullam omnis itaque. Maiores odit blanditiis ab et deserunt sint in delectus.', '2017-01-15', 22, 30, 26, '2025-03-14 14:24:17', '2025-03-14 14:24:17', NULL),
(34, 'Madge', 'Ipsum maxime deleniti impedit omnis iure voluptatum. Aspernatur at vitae dolorem eos voluptas rerum quis. Tempora cupiditate ut expedita hic consequatur id temporibus.', '2015-05-11', 3, 12, 16, '2025-03-14 14:24:17', '2025-03-14 14:24:17', NULL),
(35, 'Rylee', 'Velit quo quia mollitia cupiditate ipsa. Sint impedit blanditiis saepe. Fugiat corporis veniam quasi quo ratione aspernatur consequuntur maiores. Velit possimus voluptatibus et voluptatem est earum quaerat ex. Beatae architecto maiores cum.', '2015-08-26', 4, 30, 6, '2025-03-14 14:24:17', '2025-03-14 14:24:17', NULL),
(36, 'Bette', 'Velit sunt dignissimos fugiat repudiandae expedita repellendus quis. Qui labore autem neque laborum deleniti. Dolore debitis doloribus consequuntur impedit.', '2024-01-23', 19, 26, 18, '2025-03-14 14:24:17', '2025-03-14 14:24:17', NULL),
(37, 'Geo', 'Dicta est est iure. Quisquam voluptate officiis qui ullam. Et delectus quibusdam atque sed dolor.', '2017-05-08', 29, 26, 20, '2025-03-14 14:24:17', '2025-03-14 14:24:17', NULL),
(38, 'Rosamond', 'Quia ut esse maiores quis. Provident blanditiis qui distinctio voluptas recusandae accusantium. Ut sed id aut.', '2018-07-18', 12, 14, 19, '2025-03-14 14:24:17', '2025-03-14 14:24:17', NULL),
(39, 'Anastacio', 'Est alias doloremque veritatis vel. Dolores aliquid aliquam et aperiam dolorem dolore. Totam sed delectus qui rerum perferendis quia consectetur. Possimus modi officia dolores iure.', '2024-07-11', 11, 27, 10, '2025-03-14 14:24:17', '2025-03-14 14:24:17', NULL),
(40, 'Tessie', 'Molestiae possimus voluptate est accusantium aperiam. Repellat asperiores autem dolores necessitatibus ratione. Repellendus voluptas amet reprehenderit minima. In suscipit alias error natus velit corporis voluptatem.', '2018-10-04', 33, 33, 32, '2025-03-14 14:24:17', '2025-03-14 14:24:17', NULL),
(41, 'Elyssa', 'Vero omnis ipsam voluptatum. Autem rerum ad illum nihil sed ipsa. Rerum officiis autem in labore et.', '2020-01-25', 20, 30, 30, '2025-03-14 14:24:17', '2025-03-14 14:24:17', NULL),
(42, 'Yadira', 'Eum voluptatem hic quas officia. Voluptas eligendi totam occaecati est est illum voluptatum. Repellat veniam ea itaque magnam dicta eos tenetur. Ipsa est sunt numquam cupiditate et ea veritatis aut.', '2017-05-30', 16, 33, 13, '2025-03-14 14:24:17', '2025-03-14 14:24:17', NULL),
(43, 'Norbert', 'Ad deleniti dolor debitis non. Veritatis ad excepturi animi blanditiis. Accusantium et voluptas quo tenetur. Iste sunt laborum enim aliquid. Repellendus non rerum aperiam id nesciunt.', '2023-12-02', 33, 24, 26, '2025-03-14 14:24:17', '2025-03-14 14:24:17', NULL),
(44, 'Brandy', 'Optio qui culpa totam assumenda autem qui. Non et natus quia sit.', '2018-03-14', 11, 13, 5, '2025-03-14 14:24:17', '2025-03-14 14:24:17', NULL),
(45, 'Montana', 'Non molestiae et corporis voluptas aut. Sed rerum nisi in beatae est libero labore. Magnam voluptatum magni voluptatum harum. Et non qui qui ea illo facere quod.', '2020-11-11', 29, 8, 30, '2025-03-14 14:24:17', '2025-03-14 14:24:17', NULL),
(46, 'Zack', 'Asperiores sunt omnis officiis placeat. Omnis sed aut placeat voluptatem quisquam beatae perferendis. Ipsa exercitationem sit aut excepturi fuga reprehenderit iusto. Qui voluptate ut labore vel.', '2018-08-22', 25, 19, 10, '2025-03-14 14:24:17', '2025-03-14 14:24:17', NULL),
(47, 'Hanna', 'Blanditiis corporis omnis est suscipit nihil quo fuga. Et consequatur eveniet iure aliquam veniam. Unde totam provident repellat. Nesciunt qui libero nesciunt et enim quae aliquid.', '2023-04-04', 2, 30, 31, '2025-03-14 14:24:17', '2025-03-14 14:24:17', NULL),
(48, 'Bailey', 'Id qui optio unde nihil rem dolor. Dolorem quis temporibus enim non non et. Dolores consequatur aut voluptatum eaque. Nesciunt ut vitae repellat tenetur ullam recusandae.', '2017-07-01', 2, 15, 33, '2025-03-14 14:24:17', '2025-03-14 14:24:17', NULL),
(49, 'Viva', 'Non cumque fuga est neque laudantium. Voluptas ex sunt ut quo consequatur voluptatem veritatis. Quia recusandae quidem rem necessitatibus quia incidunt.', '2020-10-01', 19, 27, 25, '2025-03-14 14:24:17', '2025-03-14 14:24:17', NULL),
(50, 'Manley', 'Aut eum deserunt necessitatibus ipsam. Omnis expedita autem doloribus nostrum eligendi assumenda odit. Sit ab quis molestiae excepturi accusantium. Vel in sunt ipsum quis tenetur est quis est.', '2021-09-24', 2, 32, 17, '2025-03-14 14:24:17', '2025-03-14 14:24:17', NULL);

-- --------------------------------------------------------

--
-- Structure de la table `animal_critere`
--

CREATE TABLE `animal_critere` (
  `critere_id` bigint(20) UNSIGNED NOT NULL,
  `animal_id` bigint(20) UNSIGNED NOT NULL,
  `created_at` timestamp NULL DEFAULT NULL,
  `updated_at` timestamp NULL DEFAULT NULL,
  `deleted_at` timestamp NULL DEFAULT NULL
) ENGINE=InnoDB DEFAULT CHARSET=utf8mb4 COLLATE=utf8mb4_unicode_ci;

--
-- Déchargement des données de la table `animal_critere`
--

INSERT INTO `animal_critere` (`critere_id`, `animal_id`, `created_at`, `updated_at`, `deleted_at`) VALUES
(1, 1, '2025-03-14 14:24:17', '2025-03-14 14:24:17', NULL),
(1, 8, '2025-03-14 14:24:17', '2025-03-14 14:24:17', NULL),
(1, 14, '2025-03-14 14:24:17', '2025-03-14 14:24:17', NULL),
(1, 20, '2025-03-14 14:24:17', '2025-03-14 14:24:17', NULL),
(1, 31, '2025-03-14 14:24:17', '2025-03-14 14:24:17', NULL),
(1, 42, '2025-03-14 14:24:18', '2025-03-14 14:24:18', NULL),
(1, 50, '2025-03-14 14:24:18', '2025-03-14 14:24:18', NULL),
(2, 1, '2025-03-14 14:24:17', '2025-03-14 14:24:17', NULL),
(2, 7, '2025-03-14 14:24:17', '2025-03-14 14:24:17', NULL),
(2, 11, '2025-03-14 14:24:17', '2025-03-14 14:24:17', NULL),
(2, 14, '2025-03-14 14:24:17', '2025-03-14 14:24:17', NULL),
(2, 15, '2025-03-14 14:24:17', '2025-03-14 14:24:17', NULL),
(2, 17, '2025-03-14 14:24:17', '2025-03-14 14:24:17', NULL),
(2, 18, '2025-03-14 14:24:17', '2025-03-14 14:24:17', NULL),
(2, 22, '2025-03-14 14:24:17', '2025-03-14 14:24:17', NULL),
(2, 24, '2025-03-14 14:24:17', '2025-03-14 14:24:17', NULL),
(2, 34, '2025-03-14 14:24:17', '2025-03-14 14:24:17', NULL),
(2, 35, '2025-03-14 14:24:17', '2025-03-14 14:24:17', NULL),
(2, 36, '2025-03-14 14:24:17', '2025-03-14 14:24:17', NULL),
(2, 38, '2025-03-14 14:24:17', '2025-03-14 14:24:17', NULL),
(2, 45, '2025-03-14 14:24:18', '2025-03-14 14:24:18', NULL),
(3, 2, '2025-03-14 14:24:17', '2025-03-14 14:24:17', NULL),
(3, 3, '2025-03-14 14:24:17', '2025-03-14 14:24:17', NULL),
(3, 6, '2025-03-14 14:24:17', '2025-03-14 14:24:17', NULL),
(3, 7, '2025-03-14 14:24:17', '2025-03-14 14:24:17', NULL),
(3, 8, '2025-03-14 14:24:17', '2025-03-14 14:24:17', NULL),
(3, 10, '2025-03-14 14:24:17', '2025-03-14 14:24:17', NULL),
(3, 19, '2025-03-14 14:24:17', '2025-03-14 14:24:17', NULL),
(3, 21, '2025-03-14 14:24:17', '2025-03-14 14:24:17', NULL),
(3, 29, '2025-03-14 14:24:17', '2025-03-14 14:24:17', NULL),
(3, 31, '2025-03-14 14:24:17', '2025-03-14 14:24:17', NULL),
(3, 46, '2025-03-14 14:24:18', '2025-03-14 14:24:18', NULL),
(4, 6, '2025-03-14 14:24:17', '2025-03-14 14:24:17', NULL),
(4, 9, '2025-03-14 14:24:17', '2025-03-14 14:24:17', NULL),
(4, 14, '2025-03-14 14:24:17', '2025-03-14 14:24:17', NULL),
(4, 20, '2025-03-14 14:24:17', '2025-03-14 14:24:17', NULL),
(4, 30, '2025-03-14 14:24:17', '2025-03-14 14:24:17', NULL),
(4, 34, '2025-03-14 14:24:17', '2025-03-14 14:24:17', NULL),
(4, 35, '2025-03-14 14:24:17', '2025-03-14 14:24:17', NULL),
(4, 36, '2025-03-14 14:24:17', '2025-03-14 14:24:17', NULL),
(4, 47, '2025-03-14 14:24:18', '2025-03-14 14:24:18', NULL),
(5, 4, '2025-03-14 14:24:17', '2025-03-14 14:24:17', NULL),
(5, 6, '2025-03-14 14:24:17', '2025-03-14 14:24:17', NULL),
(5, 9, '2025-03-14 14:24:17', '2025-03-14 14:24:17', NULL),
(5, 13, '2025-03-14 14:24:17', '2025-03-14 14:24:17', NULL),
(5, 24, '2025-03-14 14:24:17', '2025-03-14 14:24:17', NULL),
(5, 41, '2025-03-14 14:24:17', '2025-03-14 14:24:17', NULL),
(5, 45, '2025-03-14 14:24:18', '2025-03-14 14:24:18', NULL),
(5, 48, '2025-03-14 14:24:18', '2025-03-14 14:24:18', NULL),
(5, 50, '2025-03-14 14:24:18', '2025-03-14 14:24:18', NULL),
(6, 11, '2025-03-14 14:24:17', '2025-03-14 14:24:17', NULL),
(6, 13, '2025-03-14 14:24:17', '2025-03-14 14:24:17', NULL),
(6, 19, '2025-03-14 14:24:17', '2025-03-14 14:24:17', NULL),
(6, 20, '2025-03-14 14:24:17', '2025-03-14 14:24:17', NULL),
(6, 39, '2025-03-14 14:24:17', '2025-03-14 14:24:17', NULL),
(6, 49, '2025-03-14 14:24:18', '2025-03-14 14:24:18', NULL),
(7, 2, '2025-03-14 14:24:17', '2025-03-14 14:24:17', NULL),
(7, 10, '2025-03-14 14:24:17', '2025-03-14 14:24:17', NULL),
(7, 12, '2025-03-14 14:24:17', '2025-03-14 14:24:17', NULL),
(7, 27, '2025-03-14 14:24:17', '2025-03-14 14:24:17', NULL),
(7, 30, '2025-03-14 14:24:17', '2025-03-14 14:24:17', NULL),
(7, 31, '2025-03-14 14:24:17', '2025-03-14 14:24:17', NULL),
(7, 35, '2025-03-14 14:24:17', '2025-03-14 14:24:17', NULL),
(7, 39, '2025-03-14 14:24:17', '2025-03-14 14:24:17', NULL),
(7, 47, '2025-03-14 14:24:18', '2025-03-14 14:24:18', NULL),
(8, 2, '2025-03-14 14:24:17', '2025-03-14 14:24:17', NULL),
(8, 3, '2025-03-14 14:24:17', '2025-03-14 14:24:17', NULL),
(8, 5, '2025-03-14 14:24:17', '2025-03-14 14:24:17', NULL),
(8, 6, '2025-03-14 14:24:17', '2025-03-14 14:24:17', NULL),
(8, 7, '2025-03-14 14:24:17', '2025-03-14 14:24:17', NULL),
(8, 10, '2025-03-14 14:24:17', '2025-03-14 14:24:17', NULL),
(8, 13, '2025-03-14 14:24:17', '2025-03-14 14:24:17', NULL),
(8, 20, '2025-03-14 14:24:17', '2025-03-14 14:24:17', NULL),
(8, 26, '2025-03-14 14:24:17', '2025-03-14 14:24:17', NULL),
(8, 27, '2025-03-14 14:24:17', '2025-03-14 14:24:17', NULL),
(8, 38, '2025-03-14 14:24:17', '2025-03-14 14:24:17', NULL),
(9, 8, '2025-03-14 14:24:17', '2025-03-14 14:24:17', NULL),
(9, 10, '2025-03-14 14:24:17', '2025-03-14 14:24:17', NULL),
(9, 13, '2025-03-14 14:24:17', '2025-03-14 14:24:17', NULL),
(9, 33, '2025-03-14 14:24:17', '2025-03-14 14:24:17', NULL),
(9, 37, '2025-03-14 14:24:17', '2025-03-14 14:24:17', NULL),
(9, 38, '2025-03-14 14:24:17', '2025-03-14 14:24:17', NULL),
(9, 43, '2025-03-14 14:24:18', '2025-03-14 14:24:18', NULL),
(10, 1, '2025-03-14 14:24:17', '2025-03-14 14:24:17', NULL),
(10, 3, '2025-03-14 14:24:17', '2025-03-14 14:24:17', NULL),
(10, 7, '2025-03-14 14:24:17', '2025-03-14 14:24:17', NULL),
(10, 11, '2025-03-14 14:24:17', '2025-03-14 14:24:17', NULL),
(10, 20, '2025-03-14 14:24:17', '2025-03-14 14:24:17', NULL),
(10, 25, '2025-03-14 14:24:17', '2025-03-14 14:24:17', NULL),
(10, 26, '2025-03-14 14:24:17', '2025-03-14 14:24:17', NULL),
(10, 33, '2025-03-14 14:24:17', '2025-03-14 14:24:17', NULL),
(10, 36, '2025-03-14 14:24:17', '2025-03-14 14:24:17', NULL),
(10, 38, '2025-03-14 14:24:17', '2025-03-14 14:24:17', NULL),
(10, 43, '2025-03-14 14:24:18', '2025-03-14 14:24:18', NULL),
(11, 7, '2025-03-14 14:24:17', '2025-03-14 14:24:17', NULL),
(11, 24, '2025-03-14 14:24:17', '2025-03-14 14:24:17', NULL),
(11, 28, '2025-03-14 14:24:17', '2025-03-14 14:24:17', NULL),
(11, 32, '2025-03-14 14:24:17', '2025-03-14 14:24:17', NULL),
(11, 46, '2025-03-14 14:24:18', '2025-03-14 14:24:18', NULL),
(11, 50, '2025-03-14 14:24:18', '2025-03-14 14:24:18', NULL),
(12, 2, '2025-03-14 14:24:17', '2025-03-14 14:24:17', NULL),
(12, 3, '2025-03-14 14:24:17', '2025-03-14 14:24:17', NULL),
(12, 10, '2025-03-14 14:24:17', '2025-03-14 14:24:17', NULL),
(12, 11, '2025-03-14 14:24:17', '2025-03-14 14:24:17', NULL),
(12, 14, '2025-03-14 14:24:17', '2025-03-14 14:24:17', NULL),
(12, 17, '2025-03-14 14:24:17', '2025-03-14 14:24:17', NULL),
(12, 32, '2025-03-14 14:24:17', '2025-03-14 14:24:17', NULL),
(12, 33, '2025-03-14 14:24:17', '2025-03-14 14:24:17', NULL),
(12, 35, '2025-03-14 14:24:17', '2025-03-14 14:24:17', NULL),
(12, 40, '2025-03-14 14:24:17', '2025-03-14 14:24:17', NULL),
(12, 41, '2025-03-14 14:24:17', '2025-03-14 14:24:17', NULL),
(12, 46, '2025-03-14 14:24:18', '2025-03-14 14:24:18', NULL),
(13, 1, '2025-03-14 14:24:17', '2025-03-14 14:24:17', NULL),
(13, 2, '2025-03-14 14:24:17', '2025-03-14 14:24:17', NULL),
(13, 5, '2025-03-14 14:24:17', '2025-03-14 14:24:17', NULL),
(13, 12, '2025-03-14 14:24:17', '2025-03-14 14:24:17', NULL),
(13, 24, '2025-03-14 14:24:17', '2025-03-14 14:24:17', NULL),
(13, 27, '2025-03-14 14:24:17', '2025-03-14 14:24:17', NULL),
(13, 28, '2025-03-14 14:24:17', '2025-03-14 14:24:17', NULL),
(13, 30, '2025-03-14 14:24:17', '2025-03-14 14:24:17', NULL),
(13, 32, '2025-03-14 14:24:17', '2025-03-14 14:24:17', NULL),
(13, 38, '2025-03-14 14:24:17', '2025-03-14 14:24:17', NULL),
(13, 41, '2025-03-14 14:24:17', '2025-03-14 14:24:17', NULL),
(13, 42, '2025-03-14 14:24:18', '2025-03-14 14:24:18', NULL),
(13, 44, '2025-03-14 14:24:18', '2025-03-14 14:24:18', NULL),
(13, 46, '2025-03-14 14:24:18', '2025-03-14 14:24:18', NULL),
(13, 47, '2025-03-14 14:24:18', '2025-03-14 14:24:18', NULL),
(13, 50, '2025-03-14 14:24:18', '2025-03-14 14:24:18', NULL),
(14, 1, '2025-03-14 14:24:17', '2025-03-14 14:24:17', NULL),
(14, 9, '2025-03-14 14:24:17', '2025-03-14 14:24:17', NULL),
(14, 11, '2025-03-14 14:24:17', '2025-03-14 14:24:17', NULL),
(14, 19, '2025-03-14 14:24:17', '2025-03-14 14:24:17', NULL),
(14, 26, '2025-03-14 14:24:17', '2025-03-14 14:24:17', NULL),
(14, 28, '2025-03-14 14:24:17', '2025-03-14 14:24:17', NULL),
(14, 29, '2025-03-14 14:24:17', '2025-03-14 14:24:17', NULL),
(14, 31, '2025-03-14 14:24:17', '2025-03-14 14:24:17', NULL),
(14, 33, '2025-03-14 14:24:17', '2025-03-14 14:24:17', NULL),
(14, 35, '2025-03-14 14:24:17', '2025-03-14 14:24:17', NULL),
(14, 36, '2025-03-14 14:24:17', '2025-03-14 14:24:17', NULL),
(14, 39, '2025-03-14 14:24:17', '2025-03-14 14:24:17', NULL),
(14, 41, '2025-03-14 14:24:17', '2025-03-14 14:24:17', NULL),
(15, 3, '2025-03-14 14:24:17', '2025-03-14 14:24:17', NULL),
(15, 14, '2025-03-14 14:24:17', '2025-03-14 14:24:17', NULL),
(15, 16, '2025-03-14 14:24:17', '2025-03-14 14:24:17', NULL),
(15, 23, '2025-03-14 14:24:17', '2025-03-14 14:24:17', NULL),
(15, 30, '2025-03-14 14:24:17', '2025-03-14 14:24:17', NULL),
(15, 32, '2025-03-14 14:24:17', '2025-03-14 14:24:17', NULL),
(15, 33, '2025-03-14 14:24:17', '2025-03-14 14:24:17', NULL),
(15, 34, '2025-03-14 14:24:17', '2025-03-14 14:24:17', NULL),
(15, 36, '2025-03-14 14:24:17', '2025-03-14 14:24:17', NULL),
(15, 37, '2025-03-14 14:24:17', '2025-03-14 14:24:17', NULL),
(15, 50, '2025-03-14 14:24:18', '2025-03-14 14:24:18', NULL);

-- --------------------------------------------------------

--
-- Structure de la table `criteres`
--

CREATE TABLE `criteres` (
  `id` bigint(20) UNSIGNED NOT NULL,
  `nom` text NOT NULL,
  `description` text NOT NULL,
  `created_at` timestamp NULL DEFAULT NULL,
  `updated_at` timestamp NULL DEFAULT NULL,
  `deleted_at` timestamp NULL DEFAULT NULL,
  `icon` longblob DEFAULT NULL
) ENGINE=InnoDB DEFAULT CHARSET=utf8mb4 COLLATE=utf8mb4_unicode_ci;

--
-- Déchargement des données de la table `criteres`
--

INSERT INTO `criteres` (`id`, `nom`, `description`, `created_at`, `updated_at`, `deleted_at`, `icon`) VALUES
(1, 'OK enfants', 'Convient aux foyers avec enfants', '2025-03-14 14:24:17', '2025-03-14 14:24:17', NULL, 0x50484e325a79423462577875637a30696148523063446f764c336433647935334d793576636d63764d6a41774d43397a646d636949485a705a58644362336739496a41674d4341324e4441674e544579496a34384953307449555a76626e51675158646c633239745a534247636d566c494459754e79347949474a354945426d623235305958646c633239745a534174494768306448427a4f6938765a6d3975644746335a584e7662575575593239744945787059325675633255674c53426f64485277637a6f764c325a76626e52686432567a6232316c4c6d4e766253397361574e6c626e4e6c4c325a795a5755675132397765584a705a326830494449774d6a5567526d397564476c6a6232357a4c43424a626d4d754c53302b50484268644767675a443069545445324d4341775954593049445930494441674d534178494441674d5449345154593049445930494441674d534178494445324d434177656b30344f4341304f4442734d4330344d4330784e7934344944426a4c5445774c6a6b674d4330784f4334324c5445774c6a63744d5455754d6930794d53347862444d784c6a45744f544d754e4577314e79343149444d794d79347a597930784d433433494445304c6a45744d7a41754f4341784e6934344c5451304c6a67674e693479637930784e6934344c544d774c6a63744e6934794c5451304c6a684d4e6a55754e4341794d44646a4d6a49754e4330794f533432494455334c6a55744e4463674f5451754e6930304e334d334d693479494445334c6a51674f5451754e6941304e3277314f433435494463334c6a646a4d5441754e7941784e433478494463754f53417a4e4334794c5459754d6941304e4334346379307a4e433479494463754f5330304e4334344c5459754d6d77744d6a67754e69307a4e793434544449324e53417a4e7a67754f574d7a4c6a55674d5441754e4330304c6a4d674d6a45754d5330784e533479494449784c6a464d4d6a4d79494451774d47777749446777597a41674d5463754e7930784e43347a49444d794c544d7949444d796379307a4d6930784e43347a4c544d794c544d79624441744f4441744d5459674d43417749446777597a41674d5463754e7930784e43347a49444d794c544d7949444d796379307a4d6930784e43347a4c544d794c544d79656b30304f4441674d4745324e4341324e434177494445674d534177494445794f4545324e4341324e434177494445674d5341304f4441674d4870744c5467674d7a6730624441674f545a6a4d4341784e7934334c5445304c6a4d674d7a49744d7a49674d7a4a7a4c544d794c5445304c6a4d744d7a49744d7a4a734d4330784e7a6b754e55777a4f5455754d53417a4d6a466a4c546b754e4341784e5330794f533479494445354c6a51744e4451754d5341784d484d744d546b754e4330794f5334794c5445774c5451304c6a46734e5445754e7930344d693478597a45334c6a59744d6a63754f5341304f43347a4c5451304c6a6b674f4445754d6930304e433435624445794c6a4d674d474d7a4d7941774944597a4c6a63674d5459754f5341344d533479494451304c6a6c4d4e6a45354c6a45674d6a6733597a6b754e4341784e5341304c6a6b674d7a51754e7930784d4341304e4334786379307a4e433433494451754f5330304e4334784c544577544455314d69417a4d4441754e5341314e5449674e446777597a41674d5463754e7930784e43347a49444d794c544d7949444d796379307a4d6930784e43347a4c544d794c544d79624441744f5459744d5459674d486f694c7a34384c334e325a7a343d),
(2, 'OK congénères', 'S\'entend bien avec d\'autres animaux', '2025-03-14 14:24:17', '2025-03-14 14:24:17', NULL, 0x50484e325a79423462577875637a30696148523063446f764c336433647935334d793576636d63764d6a41774d43397a646d636949485a705a58644362336739496a41674d4341314d5449674e544579496a34384953307449555a76626e51675158646c633239745a534247636d566c494459754e79347949474a354945426d623235305958646c633239745a534174494768306448427a4f6938765a6d3975644746335a584e7662575575593239744945787059325675633255674c53426f64485277637a6f764c325a76626e52686432567a6232316c4c6d4e766253397361574e6c626e4e6c4c325a795a5755675132397765584a705a326830494449774d6a5567526d397564476c6a6232357a4c43424a626d4d754c53302b50484268644767675a443069545449794e69343149446b794c6a6c6a4d5451754d7941304d6934354c53347a494467324c6a49744d7a49754e6941354e693434637930334d4334784c5445314c6a59744f4451754e4330314f4334316379347a4c5467324c6a49674d7a49754e6930354e693434637a63774c6a45674d5455754e6941344e433430494455344c6a5636545445774d433430494445354f433432597a45344c6a6b674d7a49754e4341784e43347a494463774c6a45744d5441754d6941344e433478637930314f5334334c5334354c5463344c6a55744d7a4d754d314d744d693433494445334f53347a494449784c6a67674d5459314c6a4e7a4e546b754e7941754f5341334f43343149444d7a4c6a4e36545459354c6a49674e4441784c6a4a444d5449784c6a59674d6a55354c6a6b674d6a45304c6a63674d6a4930494449314e6941794d6a527a4d544d304c6a51674d7a55754f5341784f4459754f4341784e7a63754d6d4d7a4c6a59674f533433494455754d6941794d433478494455754d69417a4d433431624441674d533432597a41674d6a55754f4330794d433435494451324c6a63744e4459754e7941304e693433597930784d533431494441744d6a49754f5330784c6a51744d7a51744e433479624330344f4330794d6d4d744d5455754d79307a4c6a67744d7a45754d79307a4c6a67744e4459754e694177624330344f4341794d6d4d744d5445754d5341794c6a67744d6a49754e5341304c6a49744d7a51674e433479517a67304c6a6b674e44677749445930494451314f533478494459304944517a4d79347a624441744d533432597a41744d5441754e4341784c6a59744d6a41754f4341314c6a49744d7a41754e58704e4e4449784c6a67674d6a67794c6a646a4c5449304c6a55744d5451744d6a6b754d5330314d5334334c5445774c6a49744f4451754d584d314e4330304e79347a494463344c6a55744d7a4d754d334d794f533478494455784c6a63674d5441754d6941344e433478637930314e4341304e79347a4c5463344c6a55674d7a4d754d33704e4d7a45774c6a45674d5467354c6a646a4c544d794c6a4d744d5441754e6930304e6934354c54557a4c6a6b744d7a49754e6930354e693434637a55794c6a45744e6a6b754d5341344e4334304c5455344c6a567a4e4459754f5341314d79343549444d794c6a59674f5459754f484d744e5449754d5341324f5334784c5467304c6a51674e5467754e586f694c7a34384c334e325a7a343d),
(3, 'Poils courts', 'Animal à poils courts', '2025-03-14 14:24:17', '2025-03-14 14:24:17', NULL, 0x50484e325a79423462577875637a30696148523063446f764c336433647935334d793576636d63764d6a41774d43397a646d636949485a705a58644362336739496a41674d4341314e7a59674e544579496a34384953307449555a76626e51675158646c633239745a534247636d566c494459754e79347949474a354945426d623235305958646c633239745a534174494768306448427a4f6938765a6d3975644746335a584e7662575575593239744945787059325675633255674c53426f64485277637a6f764c325a76626e52686432567a6232316c4c6d4e766253397361574e6c626e4e6c4c325a795a5755675132397765584a705a326830494449774d6a5567526d397564476c6a6232357a4c43424a626d4d754c53302b50484268644767675a443069545449324f533431494459354c6a6c6a4d5445754d5330334c6a6b674d6a55754f5330334c6a6b674d7a63674d454d7a4d6a6b674f4455754e43417a4e5459754e5341354e69417a4f4451674f545a6a4d6a59754f534177494455314c6a51744d5441754f4341334e7934304c5449324c6a466a4d434177494441674d4341774944426a4d5445754f5330344c6a55674d6a67754d5330334c6a67674d7a6b754d6941784c6a646a4d5451754e4341784d53343549444d794c6a55674d6a45674e5441754e6941794e533479597a45334c6a49674e4341794e793435494449784c6a49674d6a4d754f53417a4f433430637930794d533479494449334c6a6b744d7a67754e4341794d793435597930794e4334314c5455754e7930304e4334354c5445324c6a55744e5467754d6930794e554d304e446b754e5341784e446b754e7941304d5463674d54597749444d344e4341784e6a426a4c544d784c6a6b674d4330324d4334324c546b754f5330344d4334304c5445344c6a6c6a4c5455754f4330794c6a63744d5445754d5330314c6a4d744d5455754e6930334c6a646a4c5451754e5341794c6a51744f533433494455754d5330784e533432494463754e324d744d546b754f4341354c5451344c6a55674d5467754f5330344d433430494445344c6a6c6a4c544d7a494441744e6a55754e5330784d43347a4c546b304c6a55744d6a55754f474d744d544d754e4341344c6a51744d7a4d754e7941784f53347a4c5455344c6a49674d6a566a4c5445334c6a49674e43307a4e4334304c5459754e79307a4f4334304c54497a4c6a6c7a4e6934334c544d304c6a51674d6a4d754f53307a4f433430517a51794c6a67674f5449754e6941324d5341344d793431494463314c6a4d674e7a45754e6d4d784d5334784c546b754e5341794e79347a4c5445774c6a45674d7a6b754d6930784c6a646a4d434177494441674d434177494442444d544d324c6a63674f4455754d6941784e6a55754d5341354e6941784f5449674f545a6a4d6a63754e534177494455314c5445774c6a59674e7a63754e5330794e693478656d307a4e7941794f4468444d7a493549444d334d79343049444d314e69343149444d344e43417a4f4451674d7a6730597a49324c6a6b674d4341314e5334304c5445774c6a67674e7a63754e4330794e693478597a41674d434177494441674d434177597a45784c6a6b744f433431494449344c6a45744e79343449444d354c6a49674d533433597a45304c6a51674d5445754f53417a4d69343149444978494455774c6a59674d6a55754d6d4d784e793479494451674d6a63754f5341794d5334794944497a4c6a6b674d7a67754e484d744d6a45754d6941794e7934354c544d344c6a51674d6a4d754f574d744d6a51754e5330314c6a63744e4451754f5330784e6934314c5455344c6a49744d6a56444e4451354c6a55674e444d334c6a63674e444533494451304f43417a4f4451674e4451345979307a4d533435494441744e6a41754e6930354c6a6b744f4441754e4330784f433435597930314c6a67744d6934334c5445784c6a45744e53347a4c5445314c6a59744e793433597930304c6a55674d6934304c546b754e7941314c6a45744d5455754e6941334c6a646a4c5445354c6a67674f5330304f433431494445344c6a6b744f4441754e4341784f4334355979307a4d7941774c5459314c6a55744d5441754d7930354e4334314c5449314c6a686a4c54457a4c6a51674f4334304c544d7a4c6a63674d546b754d7930314f43347949444931597930784e793479494451744d7a51754e4330324c6a63744d7a67754e4330794d793435637a59754e79307a4e4334304944497a4c6a6b744d7a67754e474d784f4334784c5451754d69417a4e6934794c54457a4c6a4d674e5441754e6930794e533479597a45784c6a45744f533430494449334c6a4d744d5441754d53417a4f5334794c5445754e324d77494441674d434177494441674d454d784d7a59754e79417a4e7a4d754d6941784e6a55754d53417a4f4451674d546b7949444d344e474d794e793431494441674e5455744d5441754e6941334e7934314c5449324c6a466a4d5445754d5330334c6a6b674d6a55754f5330334c6a6b674d7a63674d4870744d4330784e4452444d7a4935494449794f53343049444d314e693431494449304d43417a4f4451674d6a5177597a49324c6a6b674d4341314e5334304c5445774c6a67674e7a63754e4330794e693478597a41674d434177494441674d434177597a45784c6a6b744f433431494449344c6a45744e79343449444d354c6a49674d533433597a45304c6a51674d5445754f53417a4d69343149444978494455774c6a59674d6a55754d6d4d784e793479494451674d6a63754f5341794d5334794944497a4c6a6b674d7a67754e484d744d6a45754d6941794e7934354c544d344c6a51674d6a4d754f574d744d6a51754e5330314c6a63744e4451754f5330784e6934314c5455344c6a49744d6a56444e4451354c6a55674d6a6b7a4c6a63674e44453349444d774e43417a4f4451674d7a41305979307a4d533435494441744e6a41754e6930354c6a6b744f4441754e4330784f433435597930314c6a67744d6934334c5445784c6a45744e53347a4c5445314c6a59744e793433597930304c6a55674d6934304c546b754e7941314c6a45744d5455754e6941334c6a646a4c5445354c6a67674f5330304f433431494445344c6a6b744f4441754e4341784f4334355979307a4d7941774c5459314c6a55744d5441754d7930354e4334314c5449314c6a686a4c54457a4c6a51674f4334304c544d7a4c6a63674d546b754d7930314f43347949444931597930784e793479494451744d7a51754e4330324c6a63744d7a67754e4330794d793435637a59754e79307a4e4334304944497a4c6a6b744d7a67754e474d784f4334784c5451754d69417a4e6934794c54457a4c6a4d674e5441754e6930794e533479597a45784c6a45744f533431494449334c6a4d744d5441754d53417a4f5334794c5445754e324d77494441674d434177494441674d454d784d7a59754e7941794d6a6b754d6941784e6a55754d5341794e4441674d546b79494449304d474d794e793431494441674e5455744d5441754e6941334e7934314c5449324c6a466a4d5445754d5330334c6a6b674d6a55754f5330334c6a6b674d7a63674d486f694c7a34384c334e325a7a343d),
(4, 'Poils longs', 'Animal à poils longs', '2025-03-14 14:24:17', '2025-03-14 14:24:17', NULL, 0x50484e325a79423462577875637a30696148523063446f764c336433647935334d793576636d63764d6a41774d43397a646d636949485a705a58644362336739496a41674d4341324e4441674e544579496a34384953307449555a76626e51675158646c633239745a534247636d566c494459754e79347949474a354945426d623235305958646c633239745a534174494768306448427a4f6938765a6d3975644746335a584e7662575575593239744945787059325675633255674c53426f64485277637a6f764c325a76626e52686432567a6232316c4c6d4e766253397361574e6c626e4e6c4c325a795a5755675132397765584a705a326830494449774d6a5567526d397564476c6a6232357a4c43424a626d4d754c53302b50484268644767675a443069545441674d7a4d32597a41674e7a6b754e5341324e433431494445304e4341784e4451674d54513062444d324f434177597a63774c6a63674d4341784d6a67744e5463754d7941784d6a67744d544934597a41744e6a45754f5330304e4330784d544d754e6930784d4449754e4330784d6a55754e474d304c6a45744d5441754e7941324c6a51744d6a49754e4341324c6a51744d7a51754e6d4d774c54557a4c54517a4c546b324c546b324c546b32597930784f533433494441744d7a67754d5341324c54557a4c6a4d674d5459754d6b4d7a4e6a63674e6a51754d69417a4d5455754d79417a4d6941794e5459674d7a4a444d5459334c6a59674d7a49674f5459674d54417a4c6a59674f5459674d546b79597a41674d69343349433478494455754e4341754d6941344c6a46444e4441754d6941794d546b754f434177494449334d793479494441674d7a4d3265694976506a777663335a6e50673d3d),
(5, 'Moins de 10kg', 'Animal de petite taille (moins de 10kg)', '2025-03-14 14:24:17', '2025-03-14 14:24:17', NULL, 0x50484e325a79423462577875637a30696148523063446f764c336433647935334d793576636d63764d6a41774d43397a646d636949485a705a58644362336739496a41674d4341314e7a59674e544579496a34384953307449555a76626e51675158646c633239745a534247636d566c494459754e79347949474a354945426d623235305958646c633239745a534174494768306448427a4f6938765a6d3975644746335a584e7662575575593239744945787059325675633255674c53426f64485277637a6f764c325a76626e52686432567a6232316c4c6d4e766253397361574e6c626e4e6c4c325a795a5755675132397765584a705a326830494449774d6a5567526d397564476c6a6232357a4c43424a626d4d754c53302b50484268644767675a44306954544d324f43417a4d6d4d304d533433494441674e7a55754f53417a4d533434494463354c6a63674e7a49754e5777344e533432494449324c6a4e6a4d6a55754e4341334c6a67674e4449754f43417a4d53347a494451794c6a67674e5463754f574d77494449784c6a67744d5445754e7941304d5334354c544d774c6a63674e5449754e3077304d4441754f43417a4d6a4d754e5341304f544d754d7941304d545a734e5441754e794177597a45334c6a63674d43417a4d6941784e43347a49444d7949444d79637930784e43347a49444d794c544d7949444d79624330324e434177597930344c6a55674d4330784e6934324c544d754e4330794d6934324c546b754e45777a4e4459754f53417a4e6a41754d6d4d784d5334334c544d3249444d754d6930334e7934784c5449314c6a51744d5441314c6a646a4c5451774c6a59744e4441754e6930784d4459754d7930304d4334324c5445304e6934354c533478544445774d53417a4d6a51754e474d744e693430494459754d5330324c6a63674d5459754d6930754e6941794d693432637a45324c6a49674e693432494449794c6a59674c6a5a734e7a4d754f4330334d433479494334784c533478494334784c533478597a4d754e53307a4c6a55674e79347a4c5459754e6941784d53347a4c546b754d6d4d794e7934354c5445344c6a55674e6a55754f5330784e53343049446b774c6a55674f533479597a49304c6a63674d6a51754e7941794e793433494459794c6a6b674f5341354d433435597930794c6a59674d7934344c5455754e6941334c6a55744f5341784d433435544449324d533434494451784e6d77354d4334794944426a4d5463754e79417749444d79494445304c6a4d674d7a49674d7a4a7a4c5445304c6a4d674d7a49744d7a49674d7a4a4d4e6a51674e4467775979307a4e53347a494441744e6a51744d6a67754e7930324e4330324e454d77494449304f533432494445794e7941784d5449754f5341794f446b754d7941354e793431517a49354e693479494459774c6a49674d7a49344c6a67674d7a49674d7a593449444d79656d3077494445774e4745794e4341794e434177494445674d4341774c5451344944493049444930494441674d534177494441674e4468364969382b5043397a646d632b),
(6, 'Plus de 25kg', 'Animal de grande taille (plus de 25kg)', '2025-03-14 14:24:17', '2025-03-14 14:24:17', NULL, 0x50484e325a79423462577875637a30696148523063446f764c336433647935334d793576636d63764d6a41774d43397a646d636949485a705a58644362336739496a41674d4341314e7a59674e544579496a34384953307449555a76626e51675158646c633239745a534247636d566c494459754e79347949474a354945426d623235305958646c633239745a534174494768306448427a4f6938765a6d3975644746335a584e7662575575593239744945787059325675633255674c53426f64485277637a6f764c325a76626e52686432567a6232316c4c6d4e766253397361574e6c626e4e6c4c325a795a5755675132397765584a705a326830494449774d6a5567526d397564476c6a6232357a4c43424a626d4d754c53302b50484268644767675a443069545451304f4341794d7a67754d5777774c5463344c6a45674d5459674d4341354c6a67674d546b754e6d4d784d693431494449314c6a45674e4449754d69417a4e693430494459344c6a4d674d6a5a6a4d6a41754e5330344c6a49674d7a4d754f5330794f43417a4d7934354c5455774c6a464d4e54633249446777597a41744d546b754d5330344c6a51744d7a59754d7930794d5334334c545134624455754e794177597a67754f434177494445324c5463754d6941784e6930784e6e4d744e7934794c5445324c5445324c544532544451344d434177494451304f434177517a4d334e79347a494441674d7a4977494455334c6a4d674d7a4977494445794f4777744f5459674d4330794d433434494441744e5451754e4341775979307a4d433433494441744e5463754e6941784e69347a4c5463794c6a55674e4441754f454d7a4d793479494445334e433431494441674d6a45784c6a51674d4341794e545a734d4341314e6d4d774944457a4c6a4d674d5441754e7941794e4341794e4341794e484d794e4330784d433433494449304c544930624441744e545a6a4d4330784d793430494459754e6930794e533479494445324c6a63744d7a49754e574d784c6a59674d544d674e69347a494449314c6a51674d544d754e69417a4e693430624449344c6a49674e4449754e474d344c6a4d674d5449754e4341324c6a51674d6a67754e7930784c6a49674e4445754e6d4d744d5459754e5341794f4330794d433432494459794c6a49744d5441674f544d754f5777784e793431494455794c6a526a4e4334304944457a4c6a45674d5459754e6941794d53343549444d774c6a51674d6a45754f57777a4d7934334944426a4d6a45754f43417749444d334c6a4d744d6a45754e43417a4d4334304c5451794c6a46734c5449774c6a67744e6a49754e574d744d6934784c5459754e4330754e5330784d793430494451754d7930784f433479624445794c6a63744d5449754e324d784d7934794c54457a4c6a49674d6a41754e69307a4d533478494449774c6a59744e446b754e324d774c5449754d7930754d5330304c6a59744c6a4d744e6934356244673049444930597a51754d5341784c6a49674f433479494449754d5341784d69347a494449754f45777a4d6a41674e446777597a41674d5463754e7941784e43347a49444d7949444d7949444d7962444d794944426a4d5463754e79417749444d794c5445304c6a4d674d7a49744d7a4a734d4330784e6a51754d324d784f5334794c5445354c6a49674d7a45754e5330304e53343349444d794c5463314c6a646a4d434177494441674d434177494442734d4330784c6a6c36545451354e6941324e4745784e6941784e694177494445674d53417749444d794944453249444532494441674d534178494441744d7a4a364969382b5043397a646d632b),
(7, 'Appartement', 'Adapté à la vie en appartement', '2025-03-14 14:24:17', '2025-03-14 14:24:17', NULL, 0x50484e325a79423462577875637a30696148523063446f764c336433647935334d793576636d63764d6a41774d43397a646d636949485a705a58644362336739496a41674d43417a4f4451674e544579496a34384953307449555a76626e51675158646c633239745a534247636d566c494459754e79347949474a354945426d623235305958646c633239745a534174494768306448427a4f6938765a6d3975644746335a584e7662575575593239744945787059325675633255674c53426f64485277637a6f764c325a76626e52686432567a6232316c4c6d4e766253397361574e6c626e4e6c4c325a795a5755675132397765584a705a326830494449774d6a5567526d397564476c6a6232357a4c43424a626d4d754c53302b50484268644767675a44306954545134494442444d6a45754e534177494441674d6a45754e53417749445134544441674e445930597a41674d6a59754e5341794d53343149445134494451344944513462446b32494441674d4330344d474d774c5449324c6a55674d6a45754e5330304f4341304f4330304f484d304f4341794d5334314944513449445134624441674f4441674f5459674d474d794e693431494441674e4467744d6a45754e5341304f4330304f4777774c5451784e6d4d774c5449324c6a55744d6a45754e5330304f4330304f4330304f4577304f434177656b30324e4341794e44426a4d4330344c6a67674e7934794c544532494445324c54453262444d794944426a4f433434494441674d5459674e7934794944453249444532624441674d7a4a6a4d4341344c6a67744e793479494445324c544532494445326243307a4d694177597930344c6a67674d4330784e6930334c6a49744d5459744d545a734d43307a4d6e70744d5445794c54453262444d794944426a4f433434494441674d5459674e7934794944453249444532624441674d7a4a6a4d4341344c6a67744e793479494445324c544532494445326243307a4d694177597930344c6a67674d4330784e6930334c6a49744d5459744d545a734d43307a4d6d4d774c5467754f4341334c6a49744d5459674d5459744d545a366254677749444532597a41744f433434494463754d6930784e6941784e6930784e6d777a4d694177597a67754f43417749444532494463754d6941784e6941784e6d777749444d79597a41674f4334344c5463754d6941784e6930784e6941784e6d77744d7a49674d474d744f433434494441744d5459744e7934794c5445324c544532624441744d7a4a365454677749446b3262444d794944426a4f433434494441674d5459674e7934794944453249444532624441674d7a4a6a4d4341344c6a67744e793479494445324c544532494445326243307a4d694177597930344c6a67674d4330784e6930334c6a49744d5459744d545a734d43307a4d6d4d774c5467754f4341334c6a49744d5459674d5459744d545a366254677749444532597a41744f433434494463754d6930784e6941784e6930784e6d777a4d694177597a67754f43417749444532494463754d6941784e6941784e6d777749444d79597a41674f4334344c5463754d6941784e6930784e6941784e6d77744d7a49674d474d744f433434494441744d5459744e7934794c5445324c544532624441744d7a4a36545449334d6941354e6d777a4d694177597a67754f43417749444532494463754d6941784e6941784e6d777749444d79597a41674f4334344c5463754d6941784e6930784e6941784e6d77744d7a49674d474d744f433434494441744d5459744e7934794c5445324c544532624441744d7a4a6a4d4330344c6a67674e7934794c544532494445324c54453265694976506a777663335a6e50673d3d),
(8, 'Jardin nécessaire', 'Nécessite un espace extérieur', '2025-03-14 14:24:17', '2025-03-14 14:24:17', NULL, 0x50484e325a79423462577875637a30696148523063446f764c336433647935334d793576636d63764d6a41774d43397a646d636949485a705a58644362336739496a41674d4341304e4467674e544579496a34384953307449555a76626e51675158646c633239745a534247636d566c494459754e79347949474a354945426d623235305958646c633239745a534174494768306448427a4f6938765a6d3975644746335a584e7662575575593239744945787059325675633255674c53426f64485277637a6f764c325a76626e52686432567a6232316c4c6d4e766253397361574e6c626e4e6c4c325a795a5755675132397765584a705a326830494449774d6a5567526d397564476c6a6232357a4c43424a626d4d754c53302b50484268644767675a443069545449784d433432494455754f5577324d6941784e6a6b754e474d744d793435494451754d69303249446b754f433032494445314c6a56444e5459674d546b334c6a63674e6a59754d7941794d4467674e7a6b754d5341794d4468734d6a51754f53417754444d774c6a59674d6a67784c6a526a4c5451754d6941304c6a49744e693432494445774c5459754e6941784e6b4d794e43417a4d446b754f53417a4e43347849444d794d4341304e69343249444d794d4577344d43417a4d6a41674e533430494451774f533431517a45754f5341304d544d754e794177494451784f534177494451794e433431597a41674d544d674d5441754e5341794d7934314944497a4c6a55674d6a4d754e5577784f5449674e445134624441674d7a4a6a4d4341784e793433494445304c6a4d674d7a49674d7a49674d7a4a7a4d7a49744d5451754d79417a4d69307a4d6d77774c544d79494445324f4334314944426a4d544d674d4341794d7934314c5445774c6a55674d6a4d754e5330794d793431597a41744e5334314c5445754f5330784d4334344c5455754e4330784e55777a4e6a67674d7a497762444d7a4c6a51674d474d784d693431494441674d6a49754e6930784d433478494449794c6a59744d6a49754e6d4d774c5459744d6934304c5445784c6a67744e6934324c54453254444d304e4341794d4468734d6a51754f534177597a45794c6a63674d4341794d7934784c5445774c6a4d674d6a4d754d5330794d793478597a41744e5334334c5449754d5330784d53347a4c5459744d5455754e5577794d7a63754e4341314c6a6c444d6a4d30494449754d5341794d6a6b754d534177494449794e434177637930784d4341794c6a45744d544d754e4341314c6a6c364969382b5043397a646d632b),
(9, 'Senior friendly', 'Convient aux personnes âgées', '2025-03-14 14:24:17', '2025-03-14 14:24:17', NULL, 0x50484e325a79423462577875637a30696148523063446f764c336433647935334d793576636d63764d6a41774d43397a646d636949485a705a58644362336739496a41674d4341304e4467674e544579496a34384953307449555a76626e51675158646c633239745a534247636d566c494459754e79347949474a354945426d623235305958646c633239745a534174494768306448427a4f6938765a6d3975644746335a584e7662575575593239744945787059325675633255674c53426f64485277637a6f764c325a76626e52686432567a6232316c4c6d4e766253397361574e6c626e4e6c4c325a795a5755675132397765584a705a326830494449774d6a5567526d397564476c6a6232357a4c43424a626d4d754c53302b50484268644767675a443069545449334d6941304f4745304f4341304f434177494445674d4341744f5459674d4341304f4341304f434177494445674d4341354e694177656d30744f4341784f4463754d3277304e793430494455334c6a466a4d5445754d7941784d79343249444d784c6a55674d5455754e5341304e533478494451754d6e4d784e5334314c544d784c6a55674e4334794c5451314c6a46734c54637a4c6a63744f4467754f574d744d5467754d6930794d6930304e53347a4c544d304c6a63744e7a4d754f53307a4e4334336243307a4e5334354944426a4c544d7a4c6a63674d4330324e433435494445334c6a63744f4449754d7941304e693432624330314f43347a49446b33597930354c6a45674d5455754d5330304c6a49674d7a51754f4341784d4334354944517a4c6a6c7a4d7a51754f4341304c6a49674e444d754f5330784d433435544445794d4341794e5459754f5341784d6a41674e446777597a41674d5463754e7941784e43347a49444d7949444d7949444d79637a4d794c5445304c6a4d674d7a49744d7a4a734d4330784d6a67674d5459674d434177494445794f474d77494445334c6a63674d5451754d79417a4d69417a4d69417a4d6e4d7a4d6930784e43347a49444d794c544d79624441744d6a51304c6a643654544d314d69417a4e7a5a6a4d4330304c6a51674d7934324c5467674f433034637a67674d793432494467674f477777494445784d6d4d774944457a4c6a4d674d5441754e7941794e4341794e4341794e484d794e4330784d433433494449304c544930624441744d544579597a41744d7a41754f5330794e5334784c5455324c5455324c545532637930314e6941794e5334784c54553249445532624441674f474d774944457a4c6a4d674d5441754e7941794e4341794e4341794e484d794e4330784d433433494449304c544930624441744f486f694c7a34384c334e325a7a343d),
(10, 'Actif', 'Nécessite beaucoup d\'exercice', '2025-03-14 14:24:17', '2025-03-14 14:24:17', NULL, 0x50484e325a79423462577875637a30696148523063446f764c336433647935334d793576636d63764d6a41774d43397a646d636949485a705a58644362336739496a41674d4341304e4467674e544579496a34384953307449555a76626e51675158646c633239745a534247636d566c494459754e79347949474a354945426d623235305958646c633239745a534174494768306448427a4f6938765a6d3975644746335a584e7662575575593239744945787059325675633255674c53426f64485277637a6f764c325a76626e52686432567a6232316c4c6d4e766253397361574e6c626e4e6c4c325a795a5755675132397765584a705a326830494449774d6a5567526d397564476c6a6232357a4c43424a626d4d754c53302b50484268644767675a44306954544d794d4341304f4745304f4341304f434177494445674d4341744f5459674d4341304f4341304f434177494445674d4341354e694177656b30784d6a55754e7941784e7a55754e574d354c6a6b744f5334354944497a4c6a51744d5455754e53417a4e7934314c5445314c6a566a4d533435494441674d79343449433478494455754e6941754d3077784d7a63754e6941794e54526a4c546b754d7941794f4341784c6a63674e5467754f4341794e693434494463304c6a56734f4459754d6941314d7934354c5449314c6a51674f4467754f474d744e43343549444533494455674d7a51754e7941794d69417a4f533432637a4d304c6a63744e53417a4f5334324c544979624449344c6a63744d5441774c6a526a4e5334354c5449774c6a59744d6934324c5451794c6a59744d6a41754e7930314d7934355444497a4f4341794f546c734d7a41754f5330344d693430494455754d5341784d69347a517a49344f5341794e6a51754e79417a4d6a4d754f5341794f4467674d7a59794c6a63674d6a6734624449784c6a4d674d474d784e793433494441674d7a49744d5451754d79417a4d69307a4d6e4d744d5451754d79307a4d69307a4d69307a4d6d77744d6a45754d794177597930784d693435494441744d6a51754e6930334c6a67744d6a6b754e5330784f533433624330324c6a4d744d54566a4c5445304c6a59744d7a55754d5330304e4334784c5459784c6a6b744f4441754e5330334d793478624330304f4334334c544531597930784d5334784c544d754e4330794d6934334c5455754d69307a4e4334304c5455754d6d4d744d7a45674d4330324d433434494445794c6a4d744f4449754e79417a4e43347a544455334c6a51674d54557a4c6a526a4c5445794c6a55674d5449754e5330784d69343149444d794c6a67674d4341304e53347a637a4d794c6a67674d5449754e5341304e53347a494442734d6a4d754d5330794d793478656b30354d53347949444d314d6b777a4d69417a4e544a6a4c5445334c6a63674d43307a4d6941784e43347a4c544d7949444d79637a45304c6a4d674d7a49674d7a49674d7a4a734e6a6b754e694177597a4535494441674d7a59754d6930784d5334794944517a4c6a6b744d6a67754e5577784e5463674d7a59784c6a5a734c546b754e533032597930784e7934314c5445774c6a6b744d7a41754e5330794e6934344c544d334c6a6b744e4451754f5577354d53347949444d314d6e6f694c7a34384c334e325a7a343d),
(11, 'Calme', 'Animal de tempérament calme', '2025-03-14 14:24:17', '2025-03-14 14:24:17', NULL, 0x50484e325a79423462577875637a30696148523063446f764c336433647935334d793576636d63764d6a41774d43397a646d636949485a705a58644362336739496a41674d4341324e4441674e544579496a34384953307449555a76626e51675158646c633239745a534247636d566c494459754e79347949474a354945426d623235305958646c633239745a534174494768306448427a4f6938765a6d3975644746335a584e7662575575593239744945787059325675633255674c53426f64485277637a6f764c325a76626e52686432567a6232316c4c6d4e766253397361574e6c626e4e6c4c325a795a5755675132397765584a705a326830494449774d6a5567526d397564476c6a6232357a4c43424a626d4d754c53302b50484268644767675a44306954544d7949444d79597a45334c6a63674d43417a4d6941784e43347a49444d7949444d79624441674d6a5532494449794e434177494441744d545977597a41744d5463754e7941784e43347a4c544d7949444d794c544d79624449794e434177597a557a494441674f5459674e444d674f5459674f545a734d4341794d6a526a4d4341784e7934334c5445304c6a4d674d7a49744d7a49674d7a4a7a4c544d794c5445304c6a4d744d7a49744d7a4a734d43307a4d6930794d6a51674d43307a4d69417754445930494451784e6d777749444d79597a41674d5463754e7930784e43347a49444d794c544d7949444d796379307a4d6930784e43347a4c544d794c544d79544441674e6a52444d4341304e69347a494445304c6a4d674d7a49674d7a49674d7a4a36625445304e4341354e6d45344d4341344d434177494445674d534177494445324d4341344d4341344d434177494445674d5341774c5445324d486f694c7a34384c334e325a7a343d),
(12, 'Hypoallergénique', 'Convient aux personnes allergiques', '2025-03-14 14:24:17', '2025-03-14 14:24:17', NULL, 0x50484e325a79423462577875637a30696148523063446f764c336433647935334d793576636d63764d6a41774d43397a646d636949485a705a58644362336739496a41674d4341784d6a67674e544579496a34384953307449555a76626e51675158646c633239745a534247636d566c494459754e79347949474a354945426d623235305958646c633239745a534174494768306448427a4f6938765a6d3975644746335a584e7662575575593239744945787059325675633255674c53426f64485277637a6f764c325a76626e52686432567a6232316c4c6d4e766253397361574e6c626e4e6c4c325a795a5755675132397765584a705a326830494449774d6a5567526d397564476c6a6232357a4c43424a626d4d754c53302b50484268644767675a44306954546b3249445930597a41744d5463754e7930784e43347a4c544d794c544d794c544d79557a4d79494451324c6a4d674d7a49674e6a52734d4341794e545a6a4d4341784e793433494445304c6a4d674d7a49674d7a49674d7a4a7a4d7a49744d5451754d79417a4d69307a4d6b77354e6941324e48704e4e6a51674e4467775954517749445177494441674d534177494441744f4441674e4441674e4441674d434178494441674d4341344d486f694c7a34384c334e325a7a343d),
(13, 'Débutant', 'Convient aux propriétaires débutants', '2025-03-14 14:24:17', '2025-03-14 14:24:17', NULL, 0x50484e325a79423462577875637a30696148523063446f764c336433647935334d793576636d63764d6a41774d43397a646d636949485a705a58644362336739496a41674d43417a4d6a41674e544579496a34384953307449555a76626e51675158646c633239745a534247636d566c494459754e79347949474a354945426d623235305958646c633239745a534174494768306448427a4f6938765a6d3975644746335a584e7662575575593239744945787059325675633255674c53426f64485277637a6f764c325a76626e52686432567a6232316c4c6d4e766253397361574e6c626e4e6c4c325a795a5755675132397765584a705a326830494449774d6a5567526d397564476c6a6232357a4c43424a626d4d754c53302b50484268644767675a443069545449784e533431494449794e474d794f5334794c5445344c6a51674e4467754e5330314d433435494451344c6a55744f44686a4d4330314e7934304c5451324c6a59744d5441304c5445774e4330784d4452544e5459674e7a67754e6941314e6941784d7a5a6a4d43417a4e793478494445354c6a51674e6a6b754e6941304f4334314944673454446b32494449794e474d744d5463754e7941774c544d79494445304c6a4d744d7a49674d7a4a6a4d4341784e693431494445794c6a55674d7a41674d6a67754e53417a4d53343454446777494451774d4777784e6a41674d4577794d6a63754e5341794f4463754f474d784e6930784c6a67674d6a67754e5330784e53347a494449344c6a55744d7a45754f474d774c5445334c6a63744d5451754d79307a4d69307a4d69307a4d6d77744f43343149444236545449794c6a59674e44637a4c6a526a4c5451754d6941304c6a49744e693432494445774c5459754e6941784e6b4d784e6941314d4445754f5341794e693478494455784d69417a4f433432494455784d6d77794e4449754e794177597a45794c6a55674d4341794d6934324c5445774c6a45674d6a49754e6930794d693432597a41744e6930794c6a51744d5445754f4330324c6a59744d545a4d4d6a55324944517a4d6941324e4341304d7a49674d6a49754e6941304e7a4d754e486f694c7a34384c334e325a7a343d),
(14, 'Expérience requise', 'Nécessite un propriétaire expérimenté', '2025-03-14 14:24:17', '2025-03-14 14:24:17', NULL, 0x50484e325a79423462577875637a30696148523063446f764c336433647935334d793576636d63764d6a41774d43397a646d636949485a705a58644362336739496a41674d4341314e7a59674e544579496a34384953307449555a76626e51675158646c633239745a534247636d566c494459754e79347949474a354945426d623235305958646c633239745a534174494768306448427a4f6938765a6d3975644746335a584e7662575575593239744945787059325675633255674c53426f64485277637a6f764c325a76626e52686432567a6232316c4c6d4e766253397361574e6c626e4e6c4c325a795a5755675132397765584a705a326830494449774d6a5567526d397564476c6a6232357a4c43424a626d4d754c53302b50484268644767675a44306954544d784e69343549444534517a4d784d533432494463674d7a41774c6a51674d4341794f4467754d534177637930794d793430494463744d6a67754f4341784f4577784f5455674d5455774c6a4d674e5445754e4341784e7a45754e574d744d5449674d5334344c544979494445774c6a49744d6a55754e7941794d533433637930754e7941794e433479494463754f53417a4d6934335444457a4e79343449444d794f5341784d544d754d6941304e7a51754e324d744d6941784d69417a494449304c6a49674d5449754f53417a4d53347a637a497a494467674d7a4d754f4341794c6a4e734d5449344c6a4d744e6a67754e5341784d6a67754d7941324f433431597a45774c6a67674e5334334944497a4c6a6b674e43343549444d7a4c6a67744d69347a637a45304c6a6b744d546b754d7941784d6934354c544d784c6a4e4d4e444d344c6a55674d7a4935494455304d693433494449794e533435597a67754e6930344c6a55674d5445754e7930794d533479494463754f53307a4d693433637930784d7934334c5445354c6a6b744d6a55754e7930794d53343354444d344d533479494445314d43347a49444d784e6934354944453465694976506a777663335a6e50673d3d),
(15, 'Voyage fréquent', 'Convient aux propriétaires voyageant souvent', '2025-03-14 14:24:17', '2025-03-14 14:24:17', NULL, 0x50484e325a79423462577875637a30696148523063446f764c336433647935334d793576636d63764d6a41774d43397a646d636949485a705a58644362336739496a41674d4341314e7a59674e544579496a34384953307449555a76626e51675158646c633239745a534247636d566c494459754e79347949474a354945426d623235305958646c633239745a534174494768306448427a4f6938765a6d3975644746335a584e7662575575593239744945787059325675633255674c53426f64485277637a6f764c325a76626e52686432567a6232316c4c6d4e766253397361574e6c626e4e6c4c325a795a5755675132397765584a705a326830494449774d6a5567526d397564476c6a6232357a4c43424a626d4d754c53302b50484268644767675a443069545451344d69347a494445354d6d4d7a4e433479494441674f544d754e7941794f5341354d79343349445930597a41674d7a59744e546b754e5341324e4330354d79343349445930624330784d5459754e694177544449324e533479494451354e533435597930314c6a63674d5441744d5459754d7941784e6934784c5449334c6a67674d5459754d5777744e5459754d694177597930784d433432494441744d5467754d7930784d4334794c5445314c6a51744d6a41754e4777304f5330784e7a45754e6b77784d5449674d7a4977494459344c6a67674d7a63334c6a5a6a4c544d674e4330334c6a67674e6934304c5445794c6a67674e693430624330304d694177597930334c6a67674d4330784e4330324c6a4d744d5451744d54526a4d4330784c6a4d674c6a49744d693432494334314c544d754f55777a4d6941794e5459674c6a55674d5451314c6a6c6a4c5334304c5445754d7930754e5330794c6a59744c6a55744d793435597a41744e793434494459754d7930784e4341784e4330784e4777304d694177597a55674d4341354c6a67674d693430494445794c6a67674e693430544445784d6941784f544a734d5441794c6a6b674d4330304f5330784e7a45754e6b4d784e6a49754f5341784d433479494445334d433432494441674d5467784c6a49674d4777314e6934794944426a4d5445754e534177494449794c6a45674e693479494449334c6a67674d5459754d55777a4e6a55754e7941784f544a734d5445324c6a59674d486f694c7a34384c334e325a7a343d);

-- --------------------------------------------------------

--
-- Structure de la table `especes`
--

CREATE TABLE `especes` (
  `id` bigint(20) UNSIGNED NOT NULL,
  `nom` text NOT NULL,
  `description` text NOT NULL,
  `created_at` timestamp NULL DEFAULT NULL,
  `updated_at` timestamp NULL DEFAULT NULL
) ENGINE=InnoDB DEFAULT CHARSET=utf8mb4 COLLATE=utf8mb4_unicode_ci;

--
-- Déchargement des données de la table `especes`
--

INSERT INTO `especes` (`id`, `nom`, `description`, `created_at`, `updated_at`) VALUES
(1, 'Chien', 'Chiens', '2025-03-14 14:24:17', '2025-03-14 14:24:17'),
(2, 'Chat', 'Chat', '2025-03-14 14:24:17', '2025-03-14 14:24:17'),
(3, 'Oiseau', 'Oiseau', '2025-03-14 14:24:17', '2025-03-14 14:24:17'),
(4, 'Rongeur', 'Rongeur', '2025-03-14 14:24:17', '2025-03-14 14:24:17'),
(5, 'Nac', 'Nac', '2025-03-14 14:24:17', '2025-03-14 14:24:17');

-- --------------------------------------------------------

--
-- Structure de la table `galeries`
--

CREATE TABLE `galeries` (
  `id` bigint(20) UNSIGNED NOT NULL,
  `animal_id` bigint(20) UNSIGNED NOT NULL,
  `chemin` text NOT NULL,
  `legende` text DEFAULT NULL,
  `created_at` timestamp NULL DEFAULT NULL,
  `updated_at` timestamp NULL DEFAULT NULL,
  `deleted_at` timestamp NULL DEFAULT NULL
) ENGINE=InnoDB DEFAULT CHARSET=utf8mb4 COLLATE=utf8mb4_unicode_ci;

-- --------------------------------------------------------

--
-- Structure de la table `migrations`
--

CREATE TABLE `migrations` (
  `id` int(10) UNSIGNED NOT NULL,
  `migration` varchar(255) NOT NULL,
  `batch` int(11) NOT NULL
) ENGINE=InnoDB DEFAULT CHARSET=utf8mb4 COLLATE=utf8mb4_unicode_ci;

--
-- Déchargement des données de la table `migrations`
--

INSERT INTO `migrations` (`id`, `migration`, `batch`) VALUES
(1, '0001_01_01_000001_create_cache_table', 1),
(2, '0001_01_01_000002_create_jobs_table', 1),
(3, '2025_03_11_130999_create_especes_table', 1),
(4, '2025_03_11_131000_create_statuses_table', 1),
(5, '2025_03_11_131001_create_races_table', 1),
(6, '2025_03_11_131002_create_criteres_table', 1),
(7, '2025_03_11_131003_create_animals_table', 1),
(8, '2025_03_11_131004_create_galeries_table', 1),
(9, '2025_03_11_131005_criteres_animals', 1),
(10, '2025_03_11_131006_status_animals', 1),
(11, '2025_03_11_131007_create_roles_table', 1),
(12, '2025_03_11_131008_create_users_table', 1),
(13, '2025_03_13_182227_create_temoignages_table', 1),
(14, '2025_03_13_195635_create_services_table', 1);

-- --------------------------------------------------------

--
-- Structure de la table `races`
--

CREATE TABLE `races` (
  `id` bigint(20) UNSIGNED NOT NULL,
  `nom` text NOT NULL,
  `caracteristiques` text DEFAULT NULL,
  `espece_id` bigint(20) UNSIGNED NOT NULL,
  `created_at` timestamp NULL DEFAULT NULL,
  `updated_at` timestamp NULL DEFAULT NULL,
  `deleted_at` timestamp NULL DEFAULT NULL
) ENGINE=InnoDB DEFAULT CHARSET=utf8mb4 COLLATE=utf8mb4_unicode_ci;

--
-- Déchargement des données de la table `races`
--

INSERT INTO `races` (`id`, `nom`, `caracteristiques`, `espece_id`, `created_at`, `updated_at`, `deleted_at`) VALUES
(1, 'Labrador Retriever', 'Amical, énergique, intelligent', 1, '2025-03-14 14:24:17', '2025-03-14 14:24:17', NULL),
(2, 'Berger Allemand', 'Loyal, courageux, obéissant', 1, '2025-03-14 14:24:17', '2025-03-14 14:24:17', NULL),
(3, 'Golden Retriever', 'Doux, intelligent, joueur', 1, '2025-03-14 14:24:17', '2025-03-14 14:24:17', NULL),
(4, 'Bulldog Français', 'Joueur, affectueux, têtu', 1, '2025-03-14 14:24:17', '2025-03-14 14:24:17', NULL),
(5, 'Chihuahua', 'Petit, vif, courageux', 1, '2025-03-14 14:24:17', '2025-03-14 14:24:17', NULL),
(6, 'Shiba Inu', 'Indépendant, loyal, propre', 1, '2025-03-14 14:24:17', '2025-03-14 14:24:17', NULL),
(7, 'Beagle', 'Curieux, amical, énergique', 1, '2025-03-14 14:24:17', '2025-03-14 14:24:17', NULL),
(8, 'Dalmatien', 'Énergique, sociable, tacheté', 1, '2025-03-14 14:24:17', '2025-03-14 14:24:17', NULL),
(9, 'Doberman', 'Loyal, protecteur, intelligent', 1, '2025-03-14 14:24:17', '2025-03-14 14:24:17', NULL),
(10, 'Rottweiler', 'Courageux, loyal, puissant', 1, '2025-03-14 14:24:17', '2025-03-14 14:24:17', NULL),
(11, 'Boxer', 'Joueur, énergique, loyal', 1, '2025-03-14 14:24:17', '2025-03-14 14:24:17', NULL),
(12, 'Caniche', 'Intelligent, élégant, hypoallergénique', 1, '2025-03-14 14:24:17', '2025-03-14 14:24:17', NULL),
(13, 'Teckel', 'Joueur, têtu, courageux', 1, '2025-03-14 14:24:17', '2025-03-14 14:24:17', NULL),
(14, 'Husky Sibérien', 'Énergique, sociable, yeux bleus', 1, '2025-03-14 14:24:17', '2025-03-14 14:24:17', NULL),
(15, 'Cocker Spaniel', 'Doux, joueur, affectueux', 1, '2025-03-14 14:24:17', '2025-03-14 14:24:17', NULL),
(16, 'Persan', 'Calme, doux, indépendant', 2, '2025-03-14 14:24:17', '2025-03-14 14:24:17', NULL),
(17, 'Siamois', 'Sociable, bavard, curieux', 2, '2025-03-14 14:24:17', '2025-03-14 14:24:17', NULL),
(18, 'Maine Coon', 'Grand, doux, joueur', 2, '2025-03-14 14:24:17', '2025-03-14 14:24:17', NULL),
(19, 'Bengal', 'Actif, joueur, pelage tacheté', 2, '2025-03-14 14:24:17', '2025-03-14 14:24:17', NULL),
(20, 'Ragdoll', 'Doux, calme, affectueux', 2, '2025-03-14 14:24:17', '2025-03-14 14:24:17', NULL),
(21, 'British Shorthair', 'Calme, indépendant, pelage dense', 2, '2025-03-14 14:24:17', '2025-03-14 14:24:17', NULL),
(22, 'Sphynx', 'Sans poils, affectueux, énergique', 2, '2025-03-14 14:24:17', '2025-03-14 14:24:17', NULL),
(23, 'Chartreux', 'Calme, doux, pelage bleu-gris', 2, '2025-03-14 14:24:17', '2025-03-14 14:24:17', NULL),
(24, 'Norvégien', 'Grand, robuste, pelage long', 2, '2025-03-14 14:24:17', '2025-03-14 14:24:17', NULL),
(25, 'Abyssin', 'Actif, curieux, pelage tiqueté', 2, '2025-03-14 14:24:17', '2025-03-14 14:24:17', NULL),
(26, 'Canari', 'Chanteur, coloré, petit', 3, '2025-03-14 14:24:17', '2025-03-14 14:24:17', NULL),
(27, 'Perroquet', 'Intelligent, bavard, coloré', 2, '2025-03-14 14:24:17', '2025-03-14 14:24:17', NULL),
(28, 'Cochon d\'Inde', 'Sociable, doux, petit', 4, '2025-03-14 14:24:17', '2025-03-14 14:24:17', NULL),
(29, 'Hamster', 'Nocturne, joueur, petit', 4, '2025-03-14 14:24:17', '2025-03-14 14:24:17', NULL),
(30, 'Lapin Nain', 'Doux, sociable, petit', 4, '2025-03-14 14:24:17', '2025-03-14 14:24:17', NULL),
(31, 'Poisson Rouge', 'Facile à entretenir, coloré, petit', 5, '2025-03-14 14:24:17', '2025-03-14 14:24:17', NULL),
(32, 'Gécko Léopard', 'Nocturne, facile à entretenir, petit', 5, '2025-03-14 14:24:17', '2025-03-14 14:24:17', NULL),
(33, 'Tortue', 'Lente, longue durée de vie, calme', 5, '2025-03-14 14:24:17', '2025-03-14 14:24:17', NULL);

-- --------------------------------------------------------

--
-- Structure de la table `roles`
--

CREATE TABLE `roles` (
  `id` bigint(20) UNSIGNED NOT NULL,
  `nom` text NOT NULL,
  `created_at` timestamp NULL DEFAULT NULL,
  `updated_at` timestamp NULL DEFAULT NULL,
  `deleted_at` timestamp NULL DEFAULT NULL
) ENGINE=InnoDB DEFAULT CHARSET=utf8mb4 COLLATE=utf8mb4_unicode_ci;

--
-- Déchargement des données de la table `roles`
--

INSERT INTO `roles` (`id`, `nom`, `created_at`, `updated_at`, `deleted_at`) VALUES
(1, 'Admin', '2025-03-14 14:24:18', '2025-03-14 14:24:18', NULL),
(2, 'Adoptant', '2025-03-14 14:24:18', '2025-03-14 14:24:18', NULL),
(3, 'Personnel', '2025-03-14 14:24:18', '2025-03-14 14:24:18', NULL);

-- --------------------------------------------------------

--
-- Structure de la table `services`
--

CREATE TABLE `services` (
  `id` bigint(20) UNSIGNED NOT NULL,
  `titre` text NOT NULL,
  `description` text NOT NULL,
  `prix` float NOT NULL,
  `created_at` timestamp NULL DEFAULT NULL,
  `updated_at` timestamp NULL DEFAULT NULL,
  `deleted_at` timestamp NULL DEFAULT NULL,
  `img1` longblob DEFAULT NULL,
  `img2` longblob DEFAULT NULL,
  `img3` longblob DEFAULT NULL
) ENGINE=InnoDB DEFAULT CHARSET=utf8mb4 COLLATE=utf8mb4_unicode_ci;

--
-- Déchargement des données de la table `services`
--

INSERT INTO `services` (`id`, `titre`, `description`, `prix`, `created_at`, `updated_at`, `deleted_at`, `img1`, `img2`, `img3`) VALUES
(1, 'Aliquid enim dolore dolorem corporis distinctio soluta vitae. Impedit et explicabo accusamus autem voluptatibus placeat. Saepe voluptatibus facilis esse nobis architecto eos quia at.', 'Ut sit eligendi ea et molestiae. Corrupti omnis vero sapiente ea. Perferendis dignissimos omnis eos aut accusamus explicabo.<br>Labore autem consequatur in omnis et iusto. Officiis corporis officiis sit assumenda. Tenetur ea dolor et et incidunt.<br>Qui dolores recusandae consequatur modi quae et beatae. Eum laudantium voluptate dolores sunt velit. Blanditiis quibusdam qui dicta.', 854.12, '2025-03-14 14:24:19', '2025-03-14 14:24:19', NULL, 0x30, 0x30, 0x30),
(2, 'Repellendus id natus aut ea. Culpa assumenda molestias consectetur iusto explicabo exercitationem sunt. Sint porro quibusdam provident voluptas aut. Quia distinctio ad qui odio.', 'Aut molestiae repellendus qui ad rerum est ad placeat. Est rerum quaerat est sequi cum hic. Est sed ipsa error quasi.<br>Autem libero ad ea. Quos perferendis cum iusto est sit. Consequatur assumenda laborum enim ullam explicabo quibusdam. Provident explicabo asperiores nisi tempora ut.<br>Totam illum minus quas quisquam. Rerum officiis illum et. Ut porro reiciendis ut quo et ut. Impedit quasi omnis esse ut minus vitae expedita dolore.', 625.08, '2025-03-14 14:24:19', '2025-03-14 14:24:19', NULL, 0x30, 0x30, 0x30),
(3, 'Saepe quia dignissimos perferendis cumque. Maxime provident qui facilis quas. Voluptatibus quisquam rerum eos qui adipisci sit aut voluptatem.', 'Adipisci ratione iusto debitis sed. Sit suscipit officia architecto sed commodi. Error ut in fugiat perspiciatis dolore sit et.<br>Sed tempora blanditiis quas temporibus magni unde. Soluta qui maiores ut voluptatem fuga id et. Placeat doloribus ipsum odit et pariatur esse. Vel ut architecto sed reiciendis ducimus repellat.<br>In provident voluptates et quos. Non sed porro voluptas autem itaque laborum minus tenetur. Cupiditate aliquid nihil mollitia. Exercitationem voluptatem reprehenderit deleniti.', 458.98, '2025-03-14 14:24:19', '2025-03-14 14:24:19', NULL, 0x30, 0x30, 0x30),
(4, 'Culpa nesciunt hic recusandae est et atque qui. Distinctio voluptatum est fuga occaecati. Eum molestiae quibusdam est. Accusamus qui assumenda pariatur qui inventore.', 'Officia fugit dolor commodi doloremque a consequatur atque dolores. Voluptatem aliquam quaerat velit deleniti explicabo culpa aut. Rerum aut voluptatem beatae ratione porro nemo.<br>Voluptates beatae mollitia sit molestias. Corrupti odit commodi aut veritatis eos quod. Sequi corrupti dolore inventore tenetur hic est adipisci et.<br>Ipsum cumque error expedita et dolor eveniet dolorum. Laborum consequatur quis sed soluta praesentium blanditiis dolorum. Et cumque est aliquam ipsum explicabo. Nisi cupiditate eligendi laudantium molestiae at error.', 563.22, '2025-03-14 14:24:19', '2025-03-14 14:24:19', NULL, 0x30, 0x30, 0x30),
(5, 'Atque quod aut saepe nobis. Earum voluptatem sint molestiae esse. Perferendis rem deserunt aperiam nostrum quasi. Mollitia nulla assumenda fugit aliquid autem rerum.', 'Ut ullam ullam praesentium nam mollitia vel quisquam. Tenetur dignissimos enim magni nam in aut. Culpa quisquam qui dolor nihil aspernatur magnam et.<br>Rem et commodi ipsa ut id architecto. Excepturi repellat corrupti sunt illum et nam. Omnis facilis non culpa officia aliquid facilis porro. Qui esse aut et sit. Dolores aut tempore nobis laborum numquam officiis explicabo.<br>Beatae et est voluptatem qui quaerat est. Unde libero tenetur libero voluptatum non dolorum. Aliquam et sit debitis.', 979.78, '2025-03-14 14:24:19', '2025-03-14 14:24:19', NULL, 0x30, 0x30, 0x30);

-- --------------------------------------------------------

--
-- Structure de la table `statuses`
--

CREATE TABLE `statuses` (
  `id` bigint(20) UNSIGNED NOT NULL,
  `nom` text NOT NULL,
  `description` text NOT NULL,
  `created_at` timestamp NULL DEFAULT NULL,
  `updated_at` timestamp NULL DEFAULT NULL,
  `deleted_at` timestamp NULL DEFAULT NULL
) ENGINE=InnoDB DEFAULT CHARSET=utf8mb4 COLLATE=utf8mb4_unicode_ci;

--
-- Déchargement des données de la table `statuses`
--

INSERT INTO `statuses` (`id`, `nom`, `description`, `created_at`, `updated_at`, `deleted_at`) VALUES
(1, 'Quarantaine', 'L\'animal est en quarantaine pour des raisons de santé ou comportementales.', '2025-03-14 14:24:17', '2025-03-14 14:24:17', NULL),
(2, 'À l\'adoption', 'L\'animal est disponible pour adoption et cherche une famille aimante.', '2025-03-14 14:24:17', '2025-03-14 14:24:17', NULL),
(3, 'Adopté', 'L\'animal a trouvé une famille et a été adopté avec succès.', '2025-03-14 14:24:17', '2025-03-14 14:24:17', NULL),
(4, 'En soins', 'L\'animal reçoit actuellement des soins médicaux ou est en convalescence.', '2025-03-14 14:24:17', '2025-03-14 14:24:17', NULL),
(5, 'En famille d\'accueil', 'L\'animal est temporairement placé dans une famille d\'accueil en attendant une adoption permanente.', '2025-03-14 14:24:17', '2025-03-14 14:24:17', NULL),
(6, 'Indisponible', 'L\'animal n\'est pas disponible pour adoption pour des raisons diverses (santé, comportement, etc.).', '2025-03-14 14:24:17', '2025-03-14 14:24:17', NULL),
(7, 'Décédé', 'L\'animal est malheureusement décédé.', '2025-03-14 14:24:17', '2025-03-14 14:24:17', NULL),
(8, 'En attente de validation', 'Le statut de l\'animal est en cours de validation par l\'équipe du refuge.', '2025-03-14 14:24:17', '2025-03-14 14:24:17', NULL),
(9, 'Réservé', 'L\'animal est réservé pour une adoption en attente de finalisation.', '2025-03-14 14:24:17', '2025-03-14 14:24:17', NULL),
(10, 'En évaluation', 'L\'animal est en cours d\'évaluation comportementale ou médicale.', '2025-03-14 14:24:17', '2025-03-14 14:24:17', NULL);

-- --------------------------------------------------------

--
-- Structure de la table `status_animals`
--

CREATE TABLE `status_animals` (
  `status_id` bigint(20) UNSIGNED NOT NULL,
  `animal_id` bigint(20) UNSIGNED NOT NULL,
  `date` date NOT NULL,
  `created_at` timestamp NULL DEFAULT NULL,
  `updated_at` timestamp NULL DEFAULT NULL,
  `deleted_at` timestamp NULL DEFAULT NULL
) ENGINE=InnoDB DEFAULT CHARSET=utf8mb4 COLLATE=utf8mb4_unicode_ci;

--
-- Déchargement des données de la table `status_animals`
--

INSERT INTO `status_animals` (`status_id`, `animal_id`, `date`, `created_at`, `updated_at`, `deleted_at`) VALUES
(1, 1, '2025-03-14', '2025-03-14 14:24:17', '2025-03-14 14:24:17', NULL),
(1, 7, '2025-03-14', '2025-03-14 14:24:17', '2025-03-14 14:24:17', NULL),
(1, 9, '2025-03-14', '2025-03-14 14:24:17', '2025-03-14 14:24:17', NULL),
(1, 19, '2025-03-14', '2025-03-14 14:24:17', '2025-03-14 14:24:17', NULL),
(1, 20, '2025-03-14', '2025-03-14 14:24:17', '2025-03-14 14:24:17', NULL),
(1, 23, '2025-03-14', '2025-03-14 14:24:17', '2025-03-14 14:24:17', NULL),
(1, 41, '2025-03-14', '2025-03-14 14:24:17', '2025-03-14 14:24:17', NULL),
(2, 4, '2025-03-14', '2025-03-14 14:24:17', '2025-03-14 14:24:17', NULL),
(2, 15, '2025-03-14', '2025-03-14 14:24:17', '2025-03-14 14:24:17', NULL),
(2, 22, '2025-03-14', '2025-03-14 14:24:17', '2025-03-14 14:24:17', NULL),
(2, 35, '2025-03-14', '2025-03-14 14:24:17', '2025-03-14 14:24:17', NULL),
(2, 40, '2025-03-14', '2025-03-14 14:24:17', '2025-03-14 14:24:17', NULL),
(2, 49, '2025-03-14', '2025-03-14 14:24:18', '2025-03-14 14:24:18', NULL),
(3, 5, '2025-03-14', '2025-03-14 14:24:17', '2025-03-14 14:24:17', NULL),
(3, 6, '2025-03-14', '2025-03-14 14:24:17', '2025-03-14 14:24:17', NULL),
(3, 13, '2025-03-14', '2025-03-14 14:24:17', '2025-03-14 14:24:17', NULL),
(3, 25, '2025-03-14', '2025-03-14 14:24:17', '2025-03-14 14:24:17', NULL),
(3, 44, '2025-03-14', '2025-03-14 14:24:18', '2025-03-14 14:24:18', NULL),
(3, 46, '2025-03-14', '2025-03-14 14:24:18', '2025-03-14 14:24:18', NULL),
(4, 2, '2025-03-14', '2025-03-14 14:24:17', '2025-03-14 14:24:17', NULL),
(4, 21, '2025-03-14', '2025-03-14 14:24:17', '2025-03-14 14:24:17', NULL),
(4, 27, '2025-03-14', '2025-03-14 14:24:17', '2025-03-14 14:24:17', NULL),
(4, 43, '2025-03-14', '2025-03-14 14:24:18', '2025-03-14 14:24:18', NULL),
(5, 28, '2025-03-14', '2025-03-14 14:24:17', '2025-03-14 14:24:17', NULL),
(5, 30, '2025-03-14', '2025-03-14 14:24:17', '2025-03-14 14:24:17', NULL),
(5, 38, '2025-03-14', '2025-03-14 14:24:17', '2025-03-14 14:24:17', NULL),
(5, 45, '2025-03-14', '2025-03-14 14:24:18', '2025-03-14 14:24:18', NULL),
(6, 10, '2025-03-14', '2025-03-14 14:24:17', '2025-03-14 14:24:17', NULL),
(6, 26, '2025-03-14', '2025-03-14 14:24:17', '2025-03-14 14:24:17', NULL),
(6, 36, '2025-03-14', '2025-03-14 14:24:17', '2025-03-14 14:24:17', NULL),
(6, 39, '2025-03-14', '2025-03-14 14:24:17', '2025-03-14 14:24:17', NULL),
(7, 14, '2025-03-14', '2025-03-14 14:24:17', '2025-03-14 14:24:17', NULL),
(7, 24, '2025-03-14', '2025-03-14 14:24:17', '2025-03-14 14:24:17', NULL),
(7, 33, '2025-03-14', '2025-03-14 14:24:17', '2025-03-14 14:24:17', NULL),
(7, 50, '2025-03-14', '2025-03-14 14:24:18', '2025-03-14 14:24:18', NULL),
(8, 8, '2025-03-14', '2025-03-14 14:24:17', '2025-03-14 14:24:17', NULL),
(8, 11, '2025-03-14', '2025-03-14 14:24:17', '2025-03-14 14:24:17', NULL),
(8, 12, '2025-03-14', '2025-03-14 14:24:17', '2025-03-14 14:24:17', NULL),
(8, 31, '2025-03-14', '2025-03-14 14:24:17', '2025-03-14 14:24:17', NULL),
(8, 32, '2025-03-14', '2025-03-14 14:24:17', '2025-03-14 14:24:17', NULL),
(8, 37, '2025-03-14', '2025-03-14 14:24:17', '2025-03-14 14:24:17', NULL),
(8, 42, '2025-03-14', '2025-03-14 14:24:18', '2025-03-14 14:24:18', NULL),
(9, 3, '2025-03-14', '2025-03-14 14:24:17', '2025-03-14 14:24:17', NULL),
(9, 16, '2025-03-14', '2025-03-14 14:24:17', '2025-03-14 14:24:17', NULL),
(9, 29, '2025-03-14', '2025-03-14 14:24:17', '2025-03-14 14:24:17', NULL),
(9, 34, '2025-03-14', '2025-03-14 14:24:17', '2025-03-14 14:24:17', NULL),
(9, 48, '2025-03-14', '2025-03-14 14:24:18', '2025-03-14 14:24:18', NULL),
(10, 17, '2025-03-14', '2025-03-14 14:24:17', '2025-03-14 14:24:17', NULL),
(10, 18, '2025-03-14', '2025-03-14 14:24:17', '2025-03-14 14:24:17', NULL),
(10, 47, '2025-03-14', '2025-03-14 14:24:18', '2025-03-14 14:24:18', NULL);

-- --------------------------------------------------------

--
-- Structure de la table `temoignages`
--

CREATE TABLE `temoignages` (
  `id` bigint(20) UNSIGNED NOT NULL,
  `user` bigint(20) UNSIGNED DEFAULT NULL,
  `animal` bigint(20) UNSIGNED DEFAULT NULL,
  `titre` text NOT NULL,
  `texte` text NOT NULL,
  `note` tinyint(3) UNSIGNED NOT NULL,
  `created_at` timestamp NULL DEFAULT NULL,
  `updated_at` timestamp NULL DEFAULT NULL,
  `deleted_at` timestamp NULL DEFAULT NULL,
  `img1` longblob DEFAULT NULL,
  `img2` longblob DEFAULT NULL,
  `img3` longblob DEFAULT NULL
) ENGINE=InnoDB DEFAULT CHARSET=utf8mb4 COLLATE=utf8mb4_unicode_ci;

--
-- Déchargement des données de la table `temoignages`
--

INSERT INTO `temoignages` (`id`, `user`, `animal`, `titre`, `texte`, `note`, `created_at`, `updated_at`, `deleted_at`, `img1`, `img2`, `img3`) VALUES
(1, 4, 28, 'Occaecati facilis a ut qui molestias veniam. Voluptatem maiores corrupti cumque in ut officia. Cupiditate ea veritatis id voluptatum ut non earum.', 'Consequatur voluptate necessitatibus nobis sit praesentium nemo. Commodi sit amet dolorum nobis ipsum et. Cupiditate alias debitis quae voluptate iste.<br>Eligendi aut molestiae corporis culpa quos quo temporibus est. Non aut est mollitia molestiae exercitationem enim. Velit ut est exercitationem laborum architecto.<br>Tenetur sunt quia provident molestiae. Aut impedit quibusdam non. Eum aperiam suscipit dolore consequatur voluptatibus. Officia sapiente tempore illum.', 3, '2025-03-14 14:24:18', '2025-03-14 14:24:18', NULL, NULL, NULL, NULL),
(2, NULL, NULL, 'Voluptates fugit iste sunt voluptatem. Dolorem aperiam eveniet molestias est magni eum hic dolorem. Doloremque eius expedita nulla natus. At vel sit impedit nihil cupiditate est.', 'Accusantium sequi enim harum non quis inventore. Aliquam fugit doloremque quia incidunt officiis suscipit commodi. Necessitatibus repellat impedit iure cumque.<br>Rerum quia fuga dolores illum repellat voluptate eius. Ipsam ratione praesentium tempore ullam. Quibusdam voluptatum cupiditate quis consectetur sint sunt magnam.<br>Expedita fugit possimus cupiditate mollitia et illo molestiae. Non facere in provident at repellat temporibus. Impedit necessitatibus enim et placeat ad voluptate aliquid dolorum.', 3, '2025-03-14 14:24:18', '2025-03-14 14:24:18', NULL, NULL, NULL, NULL),
(3, NULL, NULL, 'Magnam aut et eum sed qui assumenda tempora. Aliquid consequuntur voluptas est aut enim inventore. Impedit ut nobis voluptate aut aut.', 'Quod quia voluptatem nihil est aspernatur eius nobis. Et voluptatem id magni sint et ducimus. Et sed molestiae eum nam expedita praesentium qui sed.<br>Nesciunt sed vel ut ut praesentium quia eos. Occaecati fugit consectetur aut autem natus consequuntur. Commodi iusto consequatur occaecati fugiat sequi quia eos.<br>Dolore ipsam rerum facere vel tempora quis. Molestiae dolor illo qui molestiae eum repellendus blanditiis. Autem temporibus modi in nisi enim dolorum. Corporis eaque dolorem dolores eveniet.', 3, '2025-03-14 14:24:18', '2025-03-14 14:24:18', NULL, NULL, NULL, NULL),
(4, NULL, NULL, 'Deserunt quos error maxime exercitationem et tempora. Unde id totam quaerat consequatur et voluptas esse.', 'Aut dolores dolorem non saepe iusto molestias ducimus. Veritatis quia sint deserunt accusamus saepe quas. Sed in esse aut et.<br>Saepe ut rem distinctio. Omnis inventore maiores numquam. Et hic possimus voluptatum voluptatem. Aliquid tempora earum consectetur voluptas sint magnam.<br>Eveniet accusamus molestiae modi recusandae recusandae porro. Consequatur accusantium veritatis pariatur quaerat vitae possimus eveniet. Ullam nemo et corrupti molestiae ratione est ipsa. Eius exercitationem omnis aut architecto.', 3, '2025-03-14 14:24:18', '2025-03-14 14:24:18', NULL, NULL, NULL, NULL),
(5, 4, 17, 'Dicta voluptates officia dolorem rerum cumque non laboriosam. Error ratione id cupiditate soluta in sed totam. Quae aut voluptas ut vitae incidunt.', 'Dolor non nisi consequatur eum aspernatur qui. Omnis sunt laboriosam dolores alias fuga a. Aut aut repellendus eveniet sed maxime.<br>Omnis ratione sit sit sit aspernatur. Neque qui maiores consectetur non. Voluptatum error fugiat et laudantium velit fugiat ut. Voluptatem minima veniam nulla eaque commodi blanditiis libero.<br>Nisi occaecati mollitia velit architecto nihil similique odit. Eos eos esse neque doloremque quas eum. Repellat dignissimos vero quis ullam. Rerum et illum et. Qui totam veritatis qui nobis assumenda ut.', 3, '2025-03-14 14:24:18', '2025-03-14 14:24:18', NULL, NULL, NULL, NULL),
(6, NULL, NULL, 'Expedita repudiandae ea consectetur aspernatur cumque eum. Et est a qui laborum dolorem odio. Blanditiis suscipit ex totam quo. Sed doloremque voluptas quia consequatur.', 'Aut maxime placeat necessitatibus soluta voluptatem ad quibusdam. Eligendi occaecati similique non vel nesciunt sapiente. Sit iusto voluptas voluptatem quaerat qui quas.<br>Consequatur magnam officia impedit enim ut neque. Et alias eaque dolor laudantium sunt delectus aut. Eveniet quibusdam nisi exercitationem minima quam similique laborum blanditiis.<br>Quisquam quod dolorem in ad sit ipsam quasi. Et quo aliquid ad nesciunt aut voluptas provident a. Dolor officiis libero expedita perferendis perspiciatis officiis omnis.', 4, '2025-03-14 14:24:18', '2025-03-14 14:24:18', NULL, NULL, NULL, NULL),
(7, NULL, 49, 'Et molestiae magnam sint. Possimus est dolorem incidunt pariatur ab. Quo sit dolores et ea illum. Sit illum amet occaecati hic culpa enim maiores esse. Sed molestiae dolore non omnis dolorum.', 'Et nam et consequatur rerum qui. Ducimus voluptate deleniti facilis et repudiandae. Doloremque inventore animi ex rerum repellat rerum. Vero quae quod voluptas ipsam.<br>Sunt nesciunt possimus quas minus. Quo exercitationem laboriosam officiis aut saepe iusto veniam quasi. Dolorem magnam itaque ea ratione cupiditate enim aut. Ducimus perferendis et recusandae pariatur.<br>Aliquid sequi nam neque quam enim facilis quia. Velit consequatur omnis quas assumenda. Voluptatibus ad magni atque veniam repellendus totam aut.', 3, '2025-03-14 14:24:18', '2025-03-14 14:24:18', NULL, NULL, NULL, NULL),
(8, NULL, 14, 'Eum provident quo commodi accusamus adipisci. Autem dolores perferendis molestias provident est omnis tenetur. Eveniet necessitatibus inventore officia. Ut sapiente et autem odit.', 'Nostrum et repellat eos consectetur quam. Mollitia dolore officia consequatur quos est. Nulla officia facere sit. A velit excepturi quasi quia beatae nesciunt optio. Voluptas occaecati at quia saepe esse.<br>Temporibus nihil voluptate omnis. Ab exercitationem omnis totam omnis. Sed dicta blanditiis ut ut aut maiores. Et rem modi odio dolor.<br>Dolorum incidunt numquam minus iure illo non. Et aliquid placeat est rerum expedita qui. Dolorem hic quidem quis iusto ut sint.', 3, '2025-03-14 14:24:18', '2025-03-14 14:24:18', NULL, NULL, NULL, NULL),
(9, 3, NULL, 'Fugit praesentium ullam aliquam et. Eos voluptatum ad accusamus minus in occaecati voluptatem.', 'Qui reprehenderit voluptatum sit rerum. Qui odit sint aliquid et quo reprehenderit. Exercitationem est pariatur officia numquam soluta et laudantium.<br>Est voluptatem tempore et dolorem incidunt vero aut. Non ratione iste corporis vel voluptatibus consequuntur. Laboriosam voluptatum aut ut sunt dolorem. Explicabo eum aut sed hic nam.<br>Ut animi praesentium facere excepturi voluptas error. Totam rerum sed quia accusantium eligendi fuga hic commodi. Modi quia eos molestias quia. Excepturi temporibus assumenda corrupti aut.', 4, '2025-03-14 14:24:18', '2025-03-14 14:24:18', NULL, NULL, NULL, NULL),
(10, 3, 43, 'Minima dolorem animi laboriosam consequuntur nemo aliquid voluptatem. Vel possimus ipsam sapiente nulla doloribus. Aut velit eveniet tempora saepe aperiam.', 'Necessitatibus sunt repellendus quibusdam rem nam modi. Perspiciatis et aut qui quo. Quia tempora inventore quos quis omnis quae. Commodi est dolore dolor qui est.<br>Quisquam in dolor enim vel consequatur eos nulla. Exercitationem ut nulla possimus quia. Nostrum quos repudiandae sapiente voluptas corrupti. Quod voluptas ipsum minus quia et ut similique.<br>Voluptatem maiores sed dignissimos aut dolor porro eos. Reiciendis id dolor aliquam natus. Deleniti alias ea totam numquam odit itaque.', 5, '2025-03-14 14:24:18', '2025-03-14 14:24:18', NULL, NULL, NULL, NULL),
(11, NULL, 30, 'Corrupti veniam natus aperiam ab ut ipsa qui. Enim itaque occaecati et perferendis sed natus ipsam. Totam molestias corporis sed porro repellendus natus quia qui. Et rem nam earum esse unde et dolor.', 'Magnam nostrum eaque nihil. Consequatur cumque modi aperiam sint tenetur et quod. Exercitationem accusamus quibusdam eum consequatur.<br>Harum et molestiae distinctio quibusdam. Dolore architecto ut ullam maiores facilis. Enim id excepturi explicabo dolorem illo cupiditate.<br>Fugit et dolorem nihil dicta et et. Repellat ut beatae enim. Iure culpa in ab aut quas.', 5, '2025-03-14 14:24:18', '2025-03-14 14:24:18', NULL, NULL, NULL, NULL),
(12, NULL, 21, 'Id ad laboriosam qui libero. Occaecati voluptate sed est qui aut eos. Qui velit quos qui. Dolorum omnis culpa eligendi vitae saepe voluptatum.', 'Eaque voluptas nam quidem quis dolores. Consectetur cumque qui et exercitationem nulla saepe consectetur laborum. Et mollitia tempora voluptatibus.<br>Similique incidunt autem earum quisquam laudantium enim rerum voluptatem. Cupiditate hic aspernatur et cum. Eius culpa dolorem suscipit modi laboriosam repellendus. In magni possimus nobis commodi ex natus. Atque aperiam dolor corporis odit.<br>Inventore ea itaque sunt praesentium. Temporibus aut qui nulla ut repellat. Fugiat qui rerum eligendi qui quo fugiat voluptas iste. Repellendus voluptates eius quia est necessitatibus et.', 5, '2025-03-14 14:24:18', '2025-03-14 14:24:18', NULL, NULL, NULL, NULL),
(13, NULL, 26, 'Similique eaque quod ea pariatur quos magni quisquam. Sed odio numquam maxime qui id. Tenetur unde at tenetur quod et.', 'At qui aut voluptas. Ex est ea iusto tenetur.<br>Non consectetur quasi est occaecati a. Ut et corporis cum suscipit dicta et qui in.<br>Inventore natus dolores voluptatem aut et. Ducimus voluptas vitae est et fugit explicabo architecto. Laborum totam sint qui recusandae provident. Et et mollitia praesentium quo.', 3, '2025-03-14 14:24:18', '2025-03-14 14:24:18', NULL, NULL, NULL, NULL),
(14, NULL, NULL, 'Earum laboriosam nam quibusdam suscipit quibusdam quod. Deleniti quos dolor eos sint perspiciatis voluptatem. Quo et non officia molestias. Quaerat sunt deserunt dolor sed commodi.', 'Corporis laudantium minima hic quis tempora. Sed repellat sunt est aliquam molestias illum neque. Aut saepe voluptatem non nobis.<br>Qui sed rerum dolores sunt nisi vel. Omnis doloremque quasi maiores. Repellat est nihil quisquam nesciunt vero sunt. Delectus dolorem quo voluptatem voluptatem ipsa dolorem fugit.<br>Vitae tempore sequi delectus rerum ea nobis. In ea natus consequatur et.', 5, '2025-03-14 14:24:18', '2025-03-14 14:24:18', NULL, NULL, NULL, NULL),
(15, NULL, NULL, 'Nihil laborum ab libero a cupiditate. Nisi voluptatem sit sunt illum dignissimos. Minima sit sed possimus culpa corporis odio. Hic aut voluptas ea aut voluptatem perspiciatis.', 'Tenetur rem dolor est error maxime beatae id eum. Enim fugit sit qui corporis tempora totam quis. Deserunt sunt sit quod facere. Omnis nam quia corporis vitae repellendus fuga qui quibusdam.<br>Ut voluptatem consequatur maxime voluptatibus eveniet tempora similique. Laudantium dolores consectetur suscipit dolor accusantium eos sint. Dolorem accusamus ducimus quasi quidem labore et sit.<br>Minima necessitatibus necessitatibus et qui totam in. Dolores est distinctio placeat laboriosam et quae. Dicta ea omnis esse. Dolorem deserunt nihil sint animi.', 5, '2025-03-14 14:24:18', '2025-03-14 14:24:18', NULL, NULL, NULL, NULL),
(16, 2, NULL, 'Consequatur impedit voluptatum aliquid qui sequi omnis vel. Ipsa consequatur quidem excepturi blanditiis. Id omnis consequatur ducimus quia.', 'Recusandae aut beatae autem accusantium dolor vel porro. Delectus excepturi odit sit repellat. Omnis quo eos ratione nesciunt. Est dicta minima expedita voluptatibus inventore sit ex similique.<br>Consectetur reiciendis consectetur magni quam nihil voluptatibus. Aliquid cumque inventore quaerat sunt provident qui. Non voluptatem distinctio perspiciatis in provident quaerat ad. Non ducimus saepe voluptates fugit voluptatem tenetur.<br>Recusandae id rerum ut voluptatem. Est voluptatem facilis neque aut neque incidunt a. Quae corporis ad laudantium animi magni. Et alias aperiam voluptatem ipsa consequatur pariatur. Perferendis rerum eos rerum sapiente debitis qui aliquid optio.', 4, '2025-03-14 14:24:18', '2025-03-14 14:24:18', NULL, NULL, NULL, NULL),
(17, NULL, NULL, 'Facere cumque aliquam voluptas voluptates. Voluptates ipsa non voluptas sit voluptatem maiores. Blanditiis sed ad temporibus et porro corporis.', 'Dolorum magnam cum et fugiat. Ut nobis nihil eius ab officiis minima a adipisci. Facere esse sed possimus accusamus est.<br>Doloremque consequatur porro ut nihil. Dolorum inventore ut maiores quis praesentium. Iusto non est beatae qui et expedita.<br>Nemo ut a consequatur voluptatum quisquam eum cum. Explicabo dolorum magnam cupiditate ea facere. Saepe reiciendis voluptatum veniam.', 4, '2025-03-14 14:24:18', '2025-03-14 14:24:18', NULL, NULL, NULL, NULL),
(18, NULL, NULL, 'Perferendis ut qui vitae aliquid fugiat incidunt. Sequi nihil accusantium eveniet est doloribus aliquam magni.', 'Aut autem sequi perferendis voluptas rerum magnam. Amet nemo quo officia tempora soluta a nemo. Assumenda optio quia neque sed.<br>Vel neque distinctio consequuntur aut perferendis. Sed consequatur molestias asperiores aut molestiae magni. Quae hic accusantium ab ratione. Commodi blanditiis id commodi voluptatem at enim repellat.<br>Neque distinctio veritatis placeat facilis iste sapiente vitae. Deleniti et consequatur perferendis. Tempora quo veritatis eaque illo vitae. Ut temporibus in velit omnis et.', 3, '2025-03-14 14:24:18', '2025-03-14 14:24:18', NULL, NULL, NULL, NULL),
(19, 2, 26, 'Porro consequatur dicta accusamus quo eos. Natus ullam laudantium accusantium distinctio et facilis. Sed nostrum officia nemo eligendi. Et voluptas provident fugit incidunt deserunt.', 'Asperiores autem repellendus debitis est nesciunt. Modi et incidunt quo sapiente rerum. Corporis eum qui minus sequi cupiditate adipisci.<br>Eveniet natus et dolorum et error rerum. Minima quod enim assumenda quisquam voluptas rerum. Et distinctio quaerat tempore nam adipisci.<br>Qui delectus aut labore aperiam. Laborum repudiandae quasi incidunt aut rerum. Quam aut accusamus voluptatum omnis corporis maxime. Omnis id quos et recusandae aperiam et.', 3, '2025-03-14 14:24:18', '2025-03-14 14:24:18', NULL, NULL, NULL, NULL),
(20, NULL, 15, 'Nam itaque debitis et ullam et in facilis. Adipisci et maiores dicta cum. A placeat provident debitis rerum nobis. Fugit id dolor dignissimos illum dolores suscipit.', 'Quia et sint beatae eius autem sed eius. Sunt perspiciatis veniam et. Eum accusamus est aut cupiditate commodi laudantium dolorem molestiae.<br>Magnam perferendis et amet consequatur. Nostrum non et fugit aut omnis.<br>Dolores minus exercitationem non ad. Cupiditate reprehenderit voluptatibus magnam vero et at natus sit. Voluptas velit hic officiis aut sint ut.', 3, '2025-03-14 14:24:18', '2025-03-14 14:24:18', NULL, NULL, NULL, NULL),
(21, NULL, 30, 'Illum aliquam aspernatur et voluptatem qui dolores deleniti suscipit. Facilis et qui sint velit consequatur quo. In qui dolores doloribus qui non iste sed.', 'Quia vel dolor corrupti esse omnis nemo. Consequatur impedit ad vero eaque mollitia consectetur aliquam.<br>Sunt necessitatibus eaque adipisci quia magni id. Ipsam inventore est quaerat. Aut accusamus numquam est quod ipsum et deleniti.<br>Placeat sunt qui libero dolore. Modi voluptatibus aperiam suscipit corrupti molestiae ex corporis. Nulla aut magnam mollitia non.', 4, '2025-03-14 14:24:18', '2025-03-14 14:24:18', NULL, NULL, NULL, NULL),
(22, NULL, NULL, 'Quam accusantium necessitatibus itaque magni. Optio delectus sunt qui. Et reiciendis et autem tempore voluptatem. Sed fugit dolor qui ipsa soluta sint molestiae.', 'Illum est neque iste reiciendis libero dolores est non. Doloribus quae sequi fugiat quis voluptatem sint ut in. Repudiandae libero modi ut praesentium a error dolores deleniti. Ipsum odio doloremque veniam vitae incidunt natus.<br>Voluptatum officiis consequatur nostrum quisquam tenetur vero. Minus minus enim et beatae. Et eum dolore ipsa sed nulla ipsa.<br>Adipisci quo deleniti aspernatur aperiam et cum deserunt. Distinctio velit eum dolor culpa placeat itaque iure. Consequatur ratione ut fugiat nemo quos et.', 3, '2025-03-14 14:24:18', '2025-03-14 14:24:18', NULL, NULL, NULL, NULL),
(23, 3, 30, 'Enim harum laudantium deleniti ipsam sed. Soluta tempore nihil et quidem aut. Et cumque ut qui.', 'Dolorum veritatis quidem velit sapiente. Similique id itaque perspiciatis optio necessitatibus maiores voluptatem enim. Veniam id ut fuga ipsa rerum suscipit placeat.<br>Itaque quis quibusdam quo voluptates dignissimos quos non. Rerum in provident debitis labore. Quia nulla deleniti placeat veritatis laudantium corporis similique.<br>Ipsam sunt animi enim nobis. A consequuntur delectus non ut aut sed recusandae. Voluptatem sed distinctio et nostrum et. Neque recusandae cumque aut aut totam perferendis vel rerum. Et ut similique porro est cum debitis.', 4, '2025-03-14 14:24:18', '2025-03-14 14:24:18', NULL, NULL, NULL, NULL),
(24, 4, NULL, 'Eaque numquam consequatur ut. Libero ratione ab dolorem perspiciatis. Aperiam voluptate omnis enim quia. Qui omnis quia corporis aspernatur enim dolorem veritatis.', 'Sapiente nihil voluptatem quod. Eos soluta sapiente nisi minus adipisci beatae alias architecto. Qui maxime nihil incidunt odit illo.<br>Debitis quia ut beatae consequatur unde id est. Qui voluptas consequuntur rerum aut temporibus autem consequatur.<br>Vitae nemo ea nesciunt et dolore deserunt voluptas. Eum enim molestiae repellat consequuntur animi non sit. Non sed repudiandae necessitatibus culpa ullam deleniti.', 4, '2025-03-14 14:24:18', '2025-03-14 14:24:18', NULL, NULL, NULL, NULL),
(25, NULL, 9, 'Molestiae earum odit enim voluptatem. Deserunt sit ad voluptatem nam. Doloremque repudiandae voluptas distinctio voluptas alias dolorem quaerat. Omnis facilis unde atque ea explicabo omnis.', 'Exercitationem aut nulla corrupti quas sed omnis ratione. Quisquam voluptas est aspernatur aperiam.<br>Vel odio facilis similique rerum commodi corporis. Illo quo nihil rem qui reprehenderit amet animi. Fugiat aliquid fugit repellendus quis. Quae ipsa error sed voluptates.<br>Eius ex ipsam ut voluptatem. Voluptas nihil vel quisquam. Architecto quod minima eius occaecati.', 5, '2025-03-14 14:24:18', '2025-03-14 14:24:18', NULL, NULL, NULL, NULL),
(26, 2, NULL, 'Iste odit dolores veniam laudantium tempore minus est adipisci. Odit illo sapiente numquam animi laboriosam odit consequuntur. Error qui beatae illum molestias architecto vel.', 'Asperiores et excepturi dolorem doloremque. Quia beatae ducimus provident voluptatem veritatis quae. Et voluptatem non tenetur sed iure aut. Optio eligendi quos et.<br>Necessitatibus voluptatem quas fuga doloremque. Eum placeat aperiam saepe repellat non et. Repellat aliquid et praesentium.<br>Reiciendis architecto nulla ratione. Ut inventore eum corrupti fugiat fuga omnis iure.', 3, '2025-03-14 14:24:18', '2025-03-14 14:24:18', NULL, NULL, NULL, NULL),
(27, 2, NULL, 'Temporibus rerum quo ullam cupiditate enim. Officiis voluptates eum aut ut ipsa. Quo eos explicabo reiciendis aut qui. Reiciendis aut esse et et. Provident veniam nihil minus rem.', 'Ut sit numquam voluptate sit eum. Eum quod rerum ipsum. In ex nulla voluptates eum. Nihil voluptatem porro voluptatem accusantium dolor earum eius.<br>Quis consequatur placeat dolore. Error est et aspernatur et. Qui in consequatur sint deserunt repudiandae illum.<br>Consequatur repudiandae dolorum illum. Alias hic temporibus inventore quae maiores quisquam. Odio culpa eum eos omnis sunt pariatur quis.', 3, '2025-03-14 14:24:18', '2025-03-14 14:24:18', NULL, NULL, NULL, NULL),
(28, 2, NULL, 'Vitae rem dolor optio deserunt facilis asperiores. Ut cumque alias aut voluptatibus voluptatem enim. Et quo vel natus ut omnis iure distinctio. Et corrupti vel sunt ullam doloremque.', 'Culpa enim ut perspiciatis. Cum unde rerum nemo quaerat. Placeat ex est odio illo soluta vero porro. A earum sint tempora corrupti.<br>Quaerat ut similique facere accusantium qui perferendis rerum. Cumque et quidem maiores numquam dolor. Esse illum asperiores et deleniti ipsa harum architecto.<br>Vel aut et cum adipisci quisquam. Dolorem quos ipsam totam accusantium.', 4, '2025-03-14 14:24:18', '2025-03-14 14:24:18', NULL, NULL, NULL, NULL),
(29, 3, 49, 'Eum iure pariatur et quae cupiditate molestiae accusamus. Sed sint voluptatibus id voluptate eos quidem. Consequatur voluptatem reiciendis ea similique.', 'Id sint qui tempore omnis aut. Quae veniam perspiciatis neque iure. Totam sint ut inventore cumque. Voluptate dolore dolor quia debitis voluptas corrupti voluptatem.<br>Est sapiente cum ducimus in est repellendus. Aut aliquam tempora voluptates voluptate voluptas placeat. Odio quia ut labore adipisci modi mollitia. Voluptates est error vitae consequatur consequatur.<br>Officiis exercitationem nulla quibusdam enim. Enim ex ipsa natus qui alias quo.', 3, '2025-03-14 14:24:18', '2025-03-14 14:24:18', NULL, NULL, NULL, NULL),
(30, 3, NULL, 'Ut itaque quas quasi sed. Vero qui et perspiciatis incidunt quae. Eos voluptate temporibus explicabo harum ab debitis rem pariatur. Dolores aliquid provident temporibus minus commodi.', 'Libero quia nihil nobis reprehenderit exercitationem. Atque aut mollitia dolorum dolores. Explicabo cum sit et eius ad.<br>Molestiae temporibus ipsum cupiditate consequuntur facere enim. Aut quo voluptatem distinctio quisquam voluptatem saepe deserunt quas.<br>Et consequatur ut quam est sed. Sint fugiat non quas aut. Totam tempora deserunt fugiat sit ratione atque.', 5, '2025-03-14 14:24:18', '2025-03-14 14:24:18', NULL, NULL, NULL, NULL),
(31, NULL, 18, 'Dolorem a ad neque vitae. Animi tempore repellendus dolorem neque temporibus placeat quia magnam. Voluptatibus quos ipsa quisquam ut quaerat veritatis. Cumque qui dolore ratione est aspernatur rerum.', 'Natus dicta qui eaque fuga aut neque dolore non. Veniam corrupti aut voluptas quis maiores. Aperiam ut et et et maiores numquam ut accusamus. Eveniet et esse non velit et ut. Aut saepe possimus alias cumque quaerat cupiditate.<br>In rerum omnis quibusdam ipsum laboriosam recusandae. Eos et perferendis mollitia cumque sint repellendus quo. Vero eligendi sit a et blanditiis occaecati. Odio est aut non impedit voluptatem distinctio iusto at.<br>Deleniti harum ratione ut sed non et facere. Quod eum voluptatem dolorem vitae maiores illum. Ex at quia harum necessitatibus.', 5, '2025-03-14 14:24:18', '2025-03-14 14:24:18', NULL, NULL, NULL, NULL),
(32, NULL, 48, 'Dolores in doloribus non distinctio sed modi enim et. Necessitatibus qui aut laboriosam. Voluptas nihil voluptas non blanditiis earum eaque.', 'Aut reiciendis aut qui debitis. Voluptas esse fugit dicta saepe. Est doloribus velit consequatur quis ipsum. Sit quasi fugiat exercitationem quaerat possimus.<br>Autem a ab eaque nihil qui qui. Non autem eius id cum dolore cupiditate. Nesciunt consequuntur magnam accusantium aut voluptatibus in ut quibusdam.<br>Veritatis quia omnis iusto dolores numquam eveniet quis. Tenetur est veniam ab quidem.', 5, '2025-03-14 14:24:18', '2025-03-14 14:24:18', NULL, NULL, NULL, NULL),
(33, NULL, NULL, 'Fugiat ducimus qui voluptatem rerum necessitatibus nihil laborum ducimus. Est praesentium molestiae qui et. Distinctio labore similique placeat odit. Occaecati unde autem officiis laboriosam.', 'Perferendis molestias est et corporis provident sequi itaque. Autem debitis quia necessitatibus odit voluptas.<br>Culpa ad quibusdam in. Mollitia sunt nulla nihil.<br>Accusamus illum eveniet perspiciatis. Vel tempora quaerat natus. Sed recusandae commodi beatae eaque libero. Animi ea aliquam nulla voluptas iure.', 5, '2025-03-14 14:24:18', '2025-03-14 14:24:18', NULL, NULL, NULL, NULL),
(34, NULL, 1, 'Hic et rerum eum quis laborum. Adipisci expedita consectetur sapiente repellendus. Et molestiae officiis modi.', 'Praesentium ullam laboriosam magnam enim cum eos voluptatem. Et et animi ducimus voluptate sequi quis.<br>Minus eligendi sit voluptates unde. Culpa voluptas nam quas eum perferendis. Enim voluptate qui aut necessitatibus sit consequuntur pariatur non.<br>Occaecati atque minus culpa hic. Ab nihil inventore ullam porro aut sit. Non consequatur aliquam et aut.', 4, '2025-03-14 14:24:18', '2025-03-14 14:24:18', NULL, NULL, NULL, NULL),
(35, 2, 45, 'Eaque delectus eos voluptas harum cupiditate ad pariatur. Et eos quia aut et et incidunt et in. Facilis et est voluptates quisquam quasi voluptas. Est possimus quidem molestias.', 'Harum facere autem eius. Rerum tempora aut placeat et itaque. Qui et possimus eveniet non autem repudiandae eum. Beatae et maiores ratione vitae quis cum perspiciatis.<br>Quo animi totam modi est nisi. Incidunt est eius voluptatem ea voluptatem. Dolorum rem porro facilis provident tempora suscipit voluptatum.<br>Aut consequatur consequatur facere velit est error consectetur. Fugit quam excepturi sed. Sequi reprehenderit blanditiis qui quia unde ut perferendis. Fugiat est optio ullam neque illum tenetur.', 5, '2025-03-14 14:24:18', '2025-03-14 14:24:18', NULL, NULL, NULL, NULL),
(36, 4, NULL, 'Et omnis necessitatibus quod in. Quidem neque dolore voluptates saepe rerum. Sit aspernatur voluptas ex qui. Dicta eligendi est consequuntur omnis quisquam.', 'Repellat iure explicabo aliquid facilis odit velit molestiae. Voluptatem aliquid alias laboriosam fuga molestias sed. Ea ex nostrum voluptatem eum dolores.<br>Blanditiis reprehenderit repudiandae reiciendis assumenda error magni. Voluptas qui laudantium eaque architecto minima magni molestiae. Ratione facere quia suscipit nobis accusantium quis dolores nostrum. Architecto sunt harum quia.<br>Tempore esse quam ut quos enim nihil. Rerum eius velit ut fugiat dolorem. Pariatur expedita eos saepe quia.', 5, '2025-03-14 14:24:18', '2025-03-14 14:24:18', NULL, NULL, NULL, NULL),
(37, 4, 11, 'Rerum ut debitis molestiae blanditiis quia. Et vel ad voluptatem voluptatem aut. Et et inventore et quos error.', 'Repudiandae corrupti iste reprehenderit exercitationem aut excepturi. Placeat quasi pariatur quas voluptatibus. Sint qui voluptatem perferendis nihil aliquam. Sed perspiciatis rerum est dolore dolorem.<br>Maiores quos qui dignissimos necessitatibus nostrum et. Et quos officiis sit commodi. Nihil magnam et eveniet dicta omnis.<br>Ducimus quia qui deserunt ex. Debitis vitae earum dolorem omnis magnam aut officiis. Sint esse ut nam voluptatem.', 3, '2025-03-14 14:24:18', '2025-03-14 14:24:18', NULL, NULL, NULL, NULL),
(38, NULL, 14, 'Qui ut facere facilis animi ipsum non enim. Dolor quaerat tempore dolorum dolores voluptatum. Provident et autem suscipit enim praesentium est et.', 'Et id atque et modi nobis a dicta. Cupiditate quidem voluptatem consequuntur cumque dolorem ut quaerat. Unde ducimus ut non labore.<br>Voluptatem velit rerum nemo saepe quam aut. Similique in saepe quos modi consectetur quisquam saepe.<br>Laborum ut illum accusamus. Sequi eaque qui at molestiae deleniti et. Architecto cum perspiciatis nihil illum aspernatur aut sunt nam.', 5, '2025-03-14 14:24:18', '2025-03-14 14:24:18', NULL, NULL, NULL, NULL),
(39, NULL, NULL, 'A enim voluptate quas perspiciatis. Fuga molestias modi nihil est iste. Reprehenderit repellendus nulla blanditiis voluptatem est unde.', 'Laborum esse nulla ad magnam ut aut et fugiat. Quam veniam cum assumenda et reprehenderit eum. Assumenda adipisci id velit quo ut. Ut quia non excepturi itaque voluptatem natus aperiam nulla.<br>Voluptatem ea adipisci labore natus est explicabo perspiciatis. Sapiente praesentium natus dolore vel dolor. Molestias voluptatem quis sint.<br>Inventore quod nisi qui optio rem quas quia. Modi sed magnam distinctio officia sunt.', 3, '2025-03-14 14:24:18', '2025-03-14 14:24:18', NULL, NULL, NULL, NULL),
(40, NULL, 25, 'Et ipsam consequatur sed quasi. Quis nemo ipsam temporibus nam. Ut id aperiam fugiat est qui.', 'Eveniet aut asperiores ut doloribus quibusdam expedita quia. Velit et delectus rerum modi. Neque aspernatur itaque nulla perferendis maxime aliquid molestias non.<br>Nam ex qui est aliquid qui ratione voluptatum. Est repudiandae aut ut ratione mollitia delectus et. Saepe sit maiores maxime esse voluptatum.<br>Et maxime aperiam quisquam suscipit numquam. Quo delectus est voluptatem sed.', 5, '2025-03-14 14:24:18', '2025-03-14 14:24:18', NULL, NULL, NULL, NULL),
(41, NULL, 22, 'Sint voluptas suscipit iusto deleniti. Illum facilis repudiandae perferendis. Necessitatibus optio excepturi harum ratione doloribus quia.', 'Quis deserunt aliquam aut cumque iusto quos. Amet nemo sed est fugiat molestiae illum magnam voluptatum. Temporibus autem ut repellat fugit itaque ex laboriosam iure.<br>Corrupti consequuntur soluta et maiores at deleniti esse. Nesciunt dicta illum delectus harum dignissimos quae aspernatur. Iusto quo iste voluptas libero ex animi. Ipsam nisi laboriosam consequuntur natus aut velit.<br>Et repellendus repellendus architecto aliquam fugiat omnis. Eligendi a autem debitis officiis. Deleniti consectetur magni qui laboriosam.', 3, '2025-03-14 14:24:18', '2025-03-14 14:24:18', NULL, NULL, NULL, NULL),
(42, 4, NULL, 'Eos occaecati expedita eveniet impedit error. Laudantium sunt beatae aut ea quaerat. Itaque est voluptas iusto occaecati enim. Molestiae quis omnis molestias temporibus sunt dolorem.', 'Accusamus dicta odit consequatur voluptates omnis est in. Dolorem accusantium vitae ipsam dolores aut. Qui quis consectetur enim et sunt quos alias adipisci.<br>Iusto maiores corrupti nesciunt consectetur tempore doloribus nobis. Fugiat ea repudiandae iste autem et. Enim vel id provident aut accusantium distinctio.<br>Eaque est ad voluptatem eum libero et. Odit ipsam vitae vel. Quae non minus nulla similique dolorem veniam voluptatem corrupti.', 4, '2025-03-14 14:24:18', '2025-03-14 14:24:18', NULL, NULL, NULL, NULL),
(43, NULL, NULL, 'Eum atque aut amet optio quas. Aut ut qui eius quos incidunt dolorem deleniti. Fugiat tenetur nobis ut dignissimos expedita hic dolorum. In non iusto eaque quibusdam.', 'Magnam hic saepe ut labore totam. Odio ullam culpa dolor error voluptatem et. Excepturi illum eum nam facilis at.<br>Dolorem officia sit non eos nihil. Magnam cumque dolor neque nulla rem. Excepturi similique suscipit sint. Sed sunt quia reprehenderit quod ab dicta. Deleniti repudiandae vel eum consequuntur animi a nam perferendis.<br>In ipsum debitis aspernatur deserunt qui cupiditate molestiae culpa. Cumque et autem quam in officia nulla earum. Dolore autem aperiam dolorem iure esse esse. Dolores veniam quae fugit corporis dolores in. Fugit quia occaecati nihil voluptate fugit omnis libero iste.', 5, '2025-03-14 14:24:18', '2025-03-14 14:24:18', NULL, NULL, NULL, NULL),
(44, NULL, NULL, 'Similique quae autem possimus quidem animi sed et. Neque aspernatur placeat reiciendis quae enim sunt deserunt. Commodi sed enim quia provident. Qui sit quas et architecto est architecto ipsam.', 'Qui aut unde voluptatem ipsa nobis aut voluptas vel. Delectus facilis minus qui nostrum quos. Aut qui et atque tempore voluptatum inventore. Quia esse molestias totam ut labore dolorem non numquam.<br>Aut tempore unde sed quisquam non est ut vel. Quibusdam recusandae at enim assumenda sequi asperiores dolorem. Ipsa molestiae voluptatum saepe voluptates in dolor omnis. Praesentium maiores dolore laborum qui. Itaque ullam aut culpa recusandae.<br>Numquam autem in qui dicta molestias fugit consequatur. Voluptates ut quia omnis et adipisci. Vel et tempore cupiditate facilis commodi inventore iure ad.', 4, '2025-03-14 14:24:18', '2025-03-14 14:24:18', NULL, NULL, NULL, NULL),
(45, NULL, NULL, 'Odio est recusandae praesentium. Nemo ex et occaecati adipisci officia. A commodi delectus distinctio aut similique aperiam.', 'Odit nemo quas at est. Quo corrupti corrupti quo debitis impedit reiciendis repellendus. Numquam qui nulla possimus sapiente fuga dignissimos maxime rerum.<br>Iure et ipsa iure voluptas et quia. Et eos qui repellendus. Tenetur quibusdam aut neque sint qui ab aliquid et.<br>Aliquam ducimus sapiente est aperiam. Et est necessitatibus corrupti ut expedita vel totam. Iusto dignissimos consequatur quia sunt qui exercitationem. Ut facilis voluptas vel necessitatibus facilis soluta.', 4, '2025-03-14 14:24:18', '2025-03-14 14:24:18', NULL, NULL, NULL, NULL),
(46, 4, NULL, 'Eum natus dicta dolores perspiciatis reiciendis quia nobis. Est ut laborum minus blanditiis dolorem et. Cum qui autem beatae repudiandae hic dolore. Impedit vel quam deserunt culpa quia.', 'Ex molestiae itaque debitis eum cumque nesciunt aut. Accusamus nemo molestias qui rerum et id quaerat quam.<br>Nobis voluptas aut aut. Minima quia sint dolorum. Assumenda impedit dolorem qui. Aut temporibus suscipit veniam voluptates.<br>Nihil sunt dolorem sit nihil placeat. Deleniti tempora quae ea repellat similique molestiae. Dolor et eveniet sint eaque. Sequi ipsum sint minima qui qui. Numquam dolores et molestiae quis praesentium ea maiores alias.', 3, '2025-03-14 14:24:18', '2025-03-14 14:24:18', NULL, NULL, NULL, NULL),
(47, 3, 37, 'Pariatur dolorem quia praesentium explicabo tenetur expedita. Velit ea et dignissimos. Eveniet voluptas similique et qui occaecati voluptas.', 'Aut rerum officia in. Incidunt cumque quod tempora aspernatur quo. Odit minus id omnis nobis. Perferendis maiores qui maiores vitae veniam aut modi mollitia.<br>Eos quaerat fugit ipsum. Deserunt sed optio aut natus tenetur. Voluptatum blanditiis quo quaerat ducimus.<br>Saepe hic aut est quis assumenda ab dignissimos. Quia qui nulla molestiae aut et quisquam. Nemo accusamus quaerat eum. Inventore animi et saepe temporibus voluptate quis.', 3, '2025-03-14 14:24:18', '2025-03-14 14:24:18', NULL, NULL, NULL, NULL),
(48, NULL, 37, 'In perferendis ea fugit quae autem vel. Pariatur esse unde voluptatum a molestiae.', 'Voluptas dolores ex aut ad distinctio temporibus. Labore blanditiis et amet voluptatem quibusdam sapiente. Minima amet accusamus est quis possimus explicabo ea.<br>Perspiciatis quos assumenda nam. Et cum optio quis laborum molestiae. Ipsum tempore et animi alias laborum.<br>Dolorum eius aliquid cumque magnam. Et rerum et fugit optio et exercitationem est. Assumenda similique autem aut consequatur ea quia ducimus. Soluta quod ullam quod ab a voluptatem ducimus totam.', 3, '2025-03-14 14:24:18', '2025-03-14 14:24:18', NULL, NULL, NULL, NULL),
(49, 4, 15, 'Qui veritatis nesciunt voluptates vel corporis dolor saepe. Laboriosam neque excepturi deleniti odio. Accusamus error ipsam molestiae perferendis est molestiae voluptas.', 'Quibusdam animi eum qui consequuntur. Dolorem ut voluptatum tempore natus exercitationem quasi quas. Voluptates quod ea qui doloribus et est pariatur. Libero corrupti eveniet eum eligendi.<br>Itaque itaque iusto et ullam est in. Velit unde doloribus quibusdam. Aut similique cum est accusantium omnis aut. Et quasi ipsam dolorem voluptas.<br>Voluptatem alias quia aut est ab laudantium. Distinctio dolorem quibusdam sed fuga rerum quam. Maiores molestiae quia qui tempore repudiandae id dolore.', 5, '2025-03-14 14:24:18', '2025-03-14 14:24:18', NULL, NULL, NULL, NULL),
(50, NULL, 35, 'Unde fugit incidunt ullam est quo molestiae dolores. Aut eum perspiciatis accusantium. Saepe amet blanditiis dolorem sint sit. Suscipit qui modi laboriosam harum.', 'Voluptate aperiam eligendi omnis fugit eos magnam voluptatem. Corporis rerum omnis non aut vel. Necessitatibus aut natus nisi consequatur consequuntur.<br>Quo harum fuga et iure veritatis soluta explicabo. Eum quia quam non eos voluptatibus adipisci accusantium. Facilis culpa quisquam temporibus eaque. Est excepturi ex doloremque ut autem dolor harum culpa.<br>Ut iste reiciendis et. Tenetur quia eius ut. Voluptatem sapiente delectus nihil id enim facere non.', 5, '2025-03-14 14:24:18', '2025-03-14 14:24:18', NULL, NULL, NULL, NULL),
(51, 3, 8, 'Sed occaecati architecto deleniti est culpa ipsa sint. Alias quisquam quibusdam vero illo deserunt sit maiores. Dolorem similique quas soluta et nemo. Quas ut praesentium ab deserunt laborum id modi.', 'Eos dignissimos officiis itaque quos quidem reprehenderit sit. Eum voluptatum nihil quia fugiat ut libero. Quasi doloribus aut ea placeat exercitationem esse sint.<br>Tempore corrupti ea distinctio debitis quaerat iusto ducimus rerum. Ullam quidem sequi voluptatem quia sit sunt. Placeat qui ipsum consequuntur odio error assumenda. Quia earum ad amet tenetur vel.<br>Odio maiores maxime sapiente ducimus optio nobis. Recusandae iusto placeat sequi vel quasi. Quia est illum et impedit aspernatur unde.', 4, '2025-03-14 14:24:18', '2025-03-14 14:24:18', NULL, NULL, NULL, NULL),
(52, 3, 15, 'Doloribus itaque facilis aut ullam quis quia. Commodi assumenda error debitis nemo. Provident nihil sed ut aut magnam molestiae repudiandae.', 'Rerum rerum qui quam rerum reiciendis iure quos. Itaque hic voluptate minima eligendi illo quis. Deleniti quia non est unde omnis similique.<br>Facilis maiores hic fuga expedita dignissimos nostrum. Praesentium magnam mollitia optio dolor. Deleniti nulla sint possimus. Qui voluptates rerum et animi quod assumenda similique.<br>Dolor id deserunt id molestiae ipsam voluptate molestiae. Minima doloribus deleniti deleniti amet quas explicabo itaque. Quas quia quos iusto dolores autem quis fugiat. Dignissimos repellendus aut ut unde at ullam.', 3, '2025-03-14 14:24:18', '2025-03-14 14:24:18', NULL, NULL, NULL, NULL),
(53, 2, NULL, 'Ad ut laborum ex quia. Fuga ad consectetur doloribus. Illum magnam veritatis sit repellat voluptatem.', 'Nostrum cumque eius amet quo corrupti nesciunt. Delectus aperiam tempore qui rerum et consequuntur delectus. Ut placeat est repudiandae quasi inventore quam id.<br>Quos et quis sit perspiciatis. Voluptatem libero doloribus a deleniti totam cumque. Voluptas possimus id fugit ut.<br>Nostrum id recusandae officiis illo. Ut dignissimos nam ratione assumenda exercitationem totam. Quia totam minima id neque nulla consequuntur sit sit. Non voluptatem atque quia accusamus.', 5, '2025-03-14 14:24:18', '2025-03-14 14:24:18', NULL, NULL, NULL, NULL),
(54, 2, 29, 'Minima error voluptatem quisquam iusto. In est omnis id ipsum incidunt et iste. Temporibus laudantium architecto eius praesentium. Non qui consequatur natus facere.', 'Rerum dolor vitae ut rerum nulla. Aut fugit labore consectetur voluptatum iste vel et similique. Quo enim voluptatem suscipit amet maiores non. Cumque quo quod non quisquam ut earum.<br>Quia voluptatem debitis fugiat eligendi. Assumenda vitae sit est et porro voluptatum. Corrupti quo illum ducimus ratione ut.<br>Voluptatem iure unde non inventore quis quis. Cumque corporis neque ipsam tempora. Ut culpa voluptatem unde eius.', 5, '2025-03-14 14:24:18', '2025-03-14 14:24:18', NULL, NULL, NULL, NULL),
(55, NULL, 7, 'Incidunt tempore vero illum et itaque sequi quod. Est maiores sit architecto est sunt quod. Vero magni hic inventore aut. Voluptatem vel temporibus consequatur harum debitis.', 'Corrupti error nam ut quidem. Voluptas ea neque sed sed ab cumque pariatur. Molestiae ut culpa eligendi quaerat commodi maxime voluptas. Impedit molestiae fugit totam quo et cumque.<br>Ipsum fugit quasi assumenda. Officiis ipsam illo et et voluptas nesciunt.<br>Quas deserunt fuga sunt dolorem dolorem enim sed. Ut et et dolorum ea. Provident vero voluptatem illum placeat et facere. Assumenda quisquam maxime omnis at odio.', 3, '2025-03-14 14:24:18', '2025-03-14 14:24:18', NULL, NULL, NULL, NULL),
(56, NULL, NULL, 'Dignissimos qui sit non iusto magnam et rerum. Soluta nam voluptas ex voluptas unde. Quia maiores recusandae voluptatem accusamus sint. Minus et omnis quibusdam architecto consequatur aut adipisci.', 'Laboriosam architecto vel quia consequatur odit. Eveniet ut quis pariatur molestias commodi ad. Deleniti modi veniam qui quae sint dolores dolor. Sit ipsam et iusto omnis deserunt velit quas.<br>At at pariatur et id ad. Dolore porro temporibus ducimus voluptatem omnis. Eius nisi sunt eos enim sit est et eum.<br>Commodi eius odio repellat sed. Alias quo et occaecati sint. Dolorem quidem at officiis aliquid consequatur.', 4, '2025-03-14 14:24:18', '2025-03-14 14:24:18', NULL, NULL, NULL, NULL),
(57, NULL, 44, 'Maxime debitis et nemo quia in. Corrupti eum officia animi autem accusamus rerum occaecati sunt.', 'Ab necessitatibus deserunt illo et. Perferendis et magni iusto repellat quasi dolor. Quia voluptatum sint cumque ut.<br>Incidunt ut ut quaerat doloremque quis. Non voluptatibus omnis sapiente atque. Accusamus aspernatur qui rerum deleniti. Quaerat corrupti fugit voluptatem laborum sit corporis.<br>Maxime est id rem et. Sit aperiam placeat porro tempore magnam occaecati laudantium. Sint quia laborum accusamus natus vel eum et. Eum ea sunt est nesciunt voluptatem error.', 4, '2025-03-14 14:24:18', '2025-03-14 14:24:18', NULL, NULL, NULL, NULL),
(58, NULL, 15, 'Eaque eveniet maxime in dignissimos eligendi aliquam facilis. Et voluptatem amet vel aspernatur maiores. Velit corrupti nobis beatae. Sequi aut illum et sequi minima.', 'Inventore neque qui itaque rerum voluptate. Autem et commodi ab nihil sed rerum dolor. Modi reiciendis aut mollitia corporis et maiores. Numquam dolor cupiditate quia labore quas et cumque.<br>Inventore labore incidunt incidunt consequatur. Voluptatum quis consequuntur et harum et.<br>Nihil consectetur sunt ratione tempora. Soluta tenetur sint omnis aliquid quas. Qui ducimus est rerum debitis et temporibus.', 4, '2025-03-14 14:24:18', '2025-03-14 14:24:18', NULL, NULL, NULL, NULL),
(59, NULL, 46, 'Et dolorem quisquam nulla similique recusandae corrupti. Nulla voluptatem cumque delectus alias quo molestias. Sit repellat quis accusantium commodi necessitatibus sunt.', 'Et omnis assumenda repellendus repellendus excepturi quae. Iusto in numquam adipisci nihil sit debitis tempore. Quo molestiae earum sit. Cumque voluptatem quia ea deserunt ut nihil qui.<br>Laborum natus veniam expedita nam. Debitis reprehenderit corporis voluptates ipsa natus deserunt quo. Et sed tempore vel quod cum quod.<br>Ut neque ab rem. Rerum nulla enim iure. Fugit labore et sint nobis dolores velit. Sapiente autem aut officiis et.', 4, '2025-03-14 14:24:18', '2025-03-14 14:24:18', NULL, NULL, NULL, NULL),
(60, NULL, NULL, 'Temporibus omnis ut cum. Eius ad quaerat et sed nihil. Tempore id dolor quia. Id voluptas fugiat alias ratione optio laboriosam pariatur.', 'Rem autem saepe molestiae voluptatem possimus vero. Optio dolores consectetur fugiat consectetur rerum. Numquam optio qui facere illo cupiditate.<br>Consequatur provident et et sit vitae explicabo aut necessitatibus. Unde cupiditate quidem dolorem dolorem. Ab esse nihil quis dolorem quos accusamus.<br>Quas ut temporibus iure minima ullam quae. Earum rerum consequatur saepe mollitia necessitatibus cumque sunt. Maxime ut et quae ut. Est quibusdam iste dolores. Natus ipsum magnam eos a eius.', 3, '2025-03-14 14:24:18', '2025-03-14 14:24:18', NULL, NULL, NULL, NULL),
(61, 2, 5, 'Provident molestias repellat culpa laborum illum sit maxime. Dolore non autem sed id sit. Neque aut cum dolores dolorum error aliquid qui. Enim eius minima id id eum nam ipsum.', 'Nostrum consectetur et repudiandae voluptas. Eos quos quae voluptas minima placeat. Voluptatibus molestias minus quod porro velit incidunt.<br>Consectetur labore beatae porro odio qui. Maiores occaecati ut odio non consequuntur.<br>Dolore dolorem velit ut aliquam. Et tempora minima est mollitia dolor voluptas illum. Aperiam facilis officia aut excepturi magnam cumque quod. Reiciendis rerum eos a.', 5, '2025-03-14 14:24:18', '2025-03-14 14:24:18', NULL, NULL, NULL, NULL),
(62, 2, 40, 'Sequi debitis nesciunt et omnis. Dolores explicabo cupiditate quibusdam corrupti. Architecto culpa reprehenderit praesentium et sed.', 'Vel est labore magnam. Omnis rem quia repellat dolores et error. Quod repudiandae cupiditate dolor exercitationem quia voluptates itaque. Odit eius placeat sed labore minima dolore. Similique ipsa dicta qui distinctio provident.<br>Perspiciatis harum dolore accusamus aspernatur quia vel laudantium. Quos delectus consectetur officiis necessitatibus fugiat ducimus. Optio exercitationem exercitationem vero nihil. Eaque consequatur et neque illo fuga.<br>Ea quo eius laudantium ut illo sint. Qui occaecati maiores sed eaque. Qui exercitationem et at aut. Minus officia commodi quibusdam est. Vel non veniam voluptas autem eum vel.', 5, '2025-03-14 14:24:18', '2025-03-14 14:24:18', NULL, NULL, NULL, NULL),
(63, NULL, NULL, 'Nihil iusto aut modi aut eos sed fugit et. Eos tenetur beatae quo et. Vel fugit quis est.', 'Voluptas et itaque quia eum voluptatem ipsam veniam quae. Dolore assumenda ratione voluptates dignissimos molestias amet. Aspernatur ea totam repellendus sed reprehenderit. Totam quia expedita dolore.<br>Consectetur qui asperiores et natus aperiam nisi ut sit. Eos expedita voluptas porro molestias. Sed autem ducimus culpa possimus voluptas rerum natus.<br>Rerum est sit aliquid consequatur quia sed. Debitis facere autem et quos nesciunt et consequatur. Delectus exercitationem facilis qui sunt totam autem aut. Facilis et rerum ut omnis fuga aliquid. Consequatur error et consequatur laboriosam odio ad explicabo.', 3, '2025-03-14 14:24:18', '2025-03-14 14:24:18', NULL, NULL, NULL, NULL),
(64, NULL, 8, 'Ipsa non non illum non explicabo deleniti aut natus. Et nostrum similique ab. Repellat eligendi corporis consectetur ab voluptatem dolorum.', 'Ut atque est dolorem necessitatibus minus dolorem mollitia. Aspernatur aut corrupti voluptas placeat ipsam. Amet dolorum aliquam rerum in natus assumenda consectetur vel.<br>Aliquid possimus architecto officia modi. Quaerat non dolor voluptatem ut vitae et enim aut. Aut alias deserunt maxime eligendi et inventore. Unde rerum voluptas facere.<br>Ratione quisquam molestias ullam vitae odio accusantium. Reiciendis tenetur vel animi natus. Quae eligendi aut nihil et sunt vel. Eligendi corrupti ea explicabo non dolor.', 4, '2025-03-14 14:24:18', '2025-03-14 14:24:18', NULL, NULL, NULL, NULL),
(65, 3, NULL, 'Enim autem quo excepturi quae molestiae. Vitae blanditiis et alias eum quis. Rerum commodi distinctio accusantium a. In ex autem totam quas et iusto fuga.', 'Amet quam ut ea maiores mollitia possimus dolorem. Iusto cumque dolor doloremque ab ipsam voluptatem perferendis. Eaque consequuntur consequatur maiores earum ut.<br>Consequatur odio omnis nihil illum. Eius animi dolor architecto aliquid expedita saepe aliquam voluptatem.<br>Optio sit repudiandae sed velit. Optio omnis nostrum vero quam aut perferendis dolores. Debitis nam recusandae natus deserunt.', 5, '2025-03-14 14:24:18', '2025-03-14 14:24:18', NULL, NULL, NULL, NULL),
(66, NULL, 12, 'Dolores nam nobis sed molestiae consequuntur dolor. Error eveniet non ut et dignissimos officiis.', 'Sit delectus aut quisquam et qui et excepturi beatae. Non minima reiciendis sed molestiae. Autem et aliquid sed dolore accusantium velit soluta.<br>Impedit facilis et nihil ad nemo laborum. Sit accusamus ut repellendus molestiae. Autem cumque est numquam velit qui qui fugit. Deserunt aspernatur quo ducimus quia quo.<br>Modi sequi aut at soluta autem. Fuga quos tempore voluptatibus sapiente consequatur sed. Amet commodi repellat sit dolor tempore tenetur et. Consequuntur impedit expedita aut atque ex exercitationem.', 4, '2025-03-14 14:24:18', '2025-03-14 14:24:18', NULL, NULL, NULL, NULL),
(67, NULL, 9, 'Similique omnis omnis dignissimos. Earum ut consequatur est placeat accusantium veniam. Et dolores optio dolorem qui autem quas rerum in.', 'Accusantium amet earum numquam eos fugiat expedita nihil et. Vel et culpa et ducimus eaque omnis dolorem. Voluptatem illum sint veniam est accusantium officia velit. Amet iure magnam aut ut.<br>Odio eum dolorem velit unde repellendus ut iusto. Cum quos eos assumenda molestias voluptatem. Quaerat voluptas ipsam sit quia vero beatae.<br>Velit vel ex et architecto laborum quia tempore. In qui maxime nostrum nesciunt eum. Et eius quasi qui doloribus vitae. Optio reprehenderit omnis ea ratione ab quod iste.', 4, '2025-03-14 14:24:18', '2025-03-14 14:24:18', NULL, NULL, NULL, NULL),
(68, 2, 12, 'Consequatur nobis maxime officiis autem placeat corrupti. Sed rerum nesciunt blanditiis deserunt magni et est. Et nesciunt architecto cupiditate qui dolorem.', 'Eum qui libero delectus voluptatem debitis et officiis. Et voluptatem quia officia. Odit quis et et quaerat sit culpa.<br>Est eveniet labore veniam vel possimus. Aut ut cum fugiat earum est voluptatem suscipit. Sit asperiores nulla voluptatem rerum rerum.<br>Voluptatem qui nemo at. Autem blanditiis in reiciendis cupiditate nihil et dolor repudiandae. Aspernatur exercitationem cumque aut. Voluptas provident quasi rem vel vel accusantium.', 4, '2025-03-14 14:24:18', '2025-03-14 14:24:18', NULL, NULL, NULL, NULL),
(69, NULL, 45, 'Accusantium cumque enim quaerat magni ad. Iusto laudantium laboriosam consequuntur sunt tempora nemo et vel. Id et iusto est optio eum.', 'Quae tempore at enim illum est. Enim itaque sit et impedit dolorem ut. Necessitatibus ut quae id qui.<br>Quas inventore aspernatur debitis magni quis est rerum. Dolore non eos quisquam ut inventore. Voluptatum voluptatem architecto sit quas quia.<br>Non ea aliquam atque sit natus qui quos. Placeat rerum voluptatem non expedita cupiditate soluta provident pariatur. Repudiandae minima cumque cupiditate doloribus illum.', 3, '2025-03-14 14:24:18', '2025-03-14 14:24:18', NULL, NULL, NULL, NULL);
INSERT INTO `temoignages` (`id`, `user`, `animal`, `titre`, `texte`, `note`, `created_at`, `updated_at`, `deleted_at`, `img1`, `img2`, `img3`) VALUES
(70, 4, NULL, 'Sequi quis voluptatibus ipsam est. Error quod et est ipsam illum illum. Minima pariatur velit sapiente est maxime et. Sed quisquam et vel reiciendis.', 'Dolor dignissimos voluptatum aut molestias. Mollitia repellendus nobis sed et soluta ipsam eos. Iure odio magnam enim qui earum sunt accusamus et. Animi consequatur corporis odio accusamus pariatur ut. Assumenda possimus est incidunt rerum doloribus velit.<br>Laboriosam modi accusantium sunt inventore velit. Asperiores ut aut quaerat culpa sit. Aut accusantium omnis aut voluptatem. Iure porro non fuga autem reiciendis.<br>Blanditiis atque aut illum sit consequuntur reiciendis. Perspiciatis repellendus officiis maxime maiores aut eos harum. Reprehenderit aliquam in sunt maiores perspiciatis.', 3, '2025-03-14 14:24:18', '2025-03-14 14:24:18', NULL, NULL, NULL, NULL),
(71, 2, 50, 'Qui dolor inventore atque enim. Possimus nihil sequi non mollitia rerum. Quibusdam magni officia harum eum minus. Non a repudiandae omnis alias amet ut.', 'Sunt delectus placeat officia cumque inventore. Pariatur culpa et necessitatibus et blanditiis beatae nam molestiae. Exercitationem quia placeat ipsam eligendi ipsa iure beatae. Id rem ut sed eos occaecati aut minima.<br>Aliquid reiciendis quidem iste sunt. Temporibus doloremque consequuntur quo aut non laboriosam assumenda illum. Neque nihil accusamus sit provident magni et.<br>Alias aspernatur minima consequatur dolor. Sed dolor architecto minima magnam et tempore mollitia. Rerum in aut ea sit vel impedit aliquid blanditiis.', 3, '2025-03-14 14:24:18', '2025-03-14 14:24:18', NULL, NULL, NULL, NULL),
(72, 4, 28, 'A ut quaerat ut consectetur illum. Repudiandae eaque consectetur pariatur harum et aspernatur. Ducimus minima vel occaecati quos. Quam sint est fugit dolor est est.', 'Ea atque est consequatur blanditiis sit non nobis autem. Aliquam dolor animi et soluta. Dolor nesciunt quia non quidem ducimus et.<br>Quod eaque maiores sint saepe molestiae quod. Corrupti dignissimos quia et incidunt eius officiis reprehenderit sapiente. Itaque dolores eos fugit.<br>Atque odit necessitatibus aut et. Architecto sequi non odio rerum voluptatem.', 3, '2025-03-14 14:24:18', '2025-03-14 14:24:18', NULL, NULL, NULL, NULL),
(73, NULL, NULL, 'Quia quia repellat qui repellendus. Vitae est rerum et ipsum rerum nemo. Nesciunt maiores autem et assumenda ut quasi. Odit expedita laborum minus omnis enim ipsum temporibus.', 'Aliquid quibusdam incidunt sunt architecto et vel soluta. Minus aperiam dolorem est odio. Pariatur quod odio dolor possimus animi laborum. Unde eum dolor qui beatae eum voluptas modi.<br>Cupiditate ullam odio sit tenetur eum modi. Atque omnis praesentium repellendus natus laboriosam similique porro. Quos dolorum quam esse.<br>Dolores quam nobis doloremque quidem. Voluptatem doloribus reiciendis nam voluptates ut. Non amet quidem praesentium et dolore impedit vitae sint. Laboriosam quod doloremque enim est. Molestias nesciunt cum magnam quaerat praesentium.', 4, '2025-03-14 14:24:18', '2025-03-14 14:24:18', NULL, NULL, NULL, NULL),
(74, 2, 43, 'Quas atque qui autem qui. Quis assumenda aliquid suscipit. Eum dicta in eum atque autem quia.', 'Temporibus sint quidem non ad sint cupiditate voluptatem. Ipsa similique ratione aliquid aspernatur labore repellat. Quas vero officiis sit modi eligendi. Est ut quod sequi exercitationem quo.<br>Similique tempora ut et consequuntur repudiandae dolores quasi. Illum dolor non excepturi consequuntur dolorem cupiditate quibusdam. Assumenda quam minus aliquam nobis ab nihil. Aut aut perspiciatis est animi rerum.<br>Consequuntur qui molestiae omnis. Eos sed et nulla nihil voluptas totam non. Optio reprehenderit dolor repellendus esse in. Maxime voluptatem aut doloribus quidem.', 3, '2025-03-14 14:24:18', '2025-03-14 14:24:18', NULL, NULL, NULL, NULL),
(75, NULL, NULL, 'Voluptatibus expedita modi dolore vitae id reiciendis. Molestias aut facere praesentium dolorem. Non laudantium est ut est numquam. Ut quia vitae dolorum facilis.', 'Aut aut doloremque quas distinctio et molestias. Illum cum dignissimos sunt consectetur labore veniam. Temporibus dolorem quisquam repellat animi cumque et. Dolores repellendus quia nostrum a eveniet non.<br>Et hic et omnis sunt minima. Expedita et nesciunt ut sit. Quo atque fuga et excepturi id. Rem cum omnis quibusdam a.<br>Itaque ea sed quia unde qui atque. Doloremque ipsam repellendus repellendus consectetur et odit impedit.', 3, '2025-03-14 14:24:18', '2025-03-14 14:24:18', NULL, NULL, NULL, NULL),
(76, NULL, NULL, 'Et architecto sit illo molestiae. Hic delectus quisquam voluptatem deleniti. Sint velit sit illo laborum. Et ad tempora laudantium eveniet omnis sed.', 'Facere laborum ea quibusdam porro voluptas fugit. Eum et adipisci deleniti est temporibus dolores. Dignissimos sapiente autem numquam eligendi.<br>Quia voluptas voluptatem illum aut sit doloremque beatae. Omnis maxime et explicabo ipsum distinctio cupiditate. Cupiditate voluptatem quas laborum illum sed id mollitia.<br>Debitis qui est illum recusandae veritatis provident. Cum voluptatem et aut velit.', 4, '2025-03-14 14:24:18', '2025-03-14 14:24:18', NULL, NULL, NULL, NULL),
(77, 2, NULL, 'Illo asperiores explicabo rerum dolor molestiae beatae et voluptatem. Eum magni labore et voluptas est voluptate eum.', 'Facilis enim neque magni ea quidem optio. Atque iusto rerum ut provident rem voluptas. Vel eum dolor ut id ut dolorem deleniti.<br>Dolorem quo quia omnis corporis et error. Perferendis exercitationem doloremque velit explicabo. Repellat est esse ut ducimus ipsum.<br>Repudiandae sit odit ut modi. Impedit id consectetur ipsum nostrum. Excepturi deleniti fugit soluta illo. Nobis numquam asperiores veritatis.', 3, '2025-03-14 14:24:18', '2025-03-14 14:24:18', NULL, NULL, NULL, NULL),
(78, NULL, NULL, 'Quia dolor dolorum ut. Eos ipsam dolorum quae. Omnis eaque incidunt eos neque commodi atque.', 'Nesciunt ratione alias voluptate incidunt amet voluptas porro nobis. Quis accusamus tempora explicabo nemo. Voluptatem sint eos incidunt.<br>Consequatur laboriosam eveniet consequatur harum harum. Sed dolore voluptatibus voluptas ipsam maiores est. Vel sint accusamus ut fuga dolores aut recusandae consequatur. Maxime rerum iusto aliquid dolorum amet accusantium atque.<br>Ipsum quis commodi et maxime in. Eaque magnam quis soluta iusto dolorum. Aspernatur nobis fugit omnis sed quas. Atque eveniet alias illo et at quia.', 5, '2025-03-14 14:24:18', '2025-03-14 14:24:18', NULL, NULL, NULL, NULL),
(79, 3, 15, 'Dolores voluptates deserunt impedit voluptatem facere et. Asperiores aut provident repellat. Temporibus corporis dignissimos quo cumque ducimus maxime molestiae.', 'Qui illum mollitia ducimus ratione eos. Autem facilis aut deserunt et eos qui debitis. Aut aut cumque voluptatem necessitatibus quod placeat molestias. Tenetur dolores fuga sed dolorem vitae fugit et voluptatem.<br>Officia rerum ea nam. Architecto quis eius est architecto porro ipsa.<br>Deleniti nemo harum qui consequatur quia. Praesentium velit quam saepe repellendus sint ipsa itaque nesciunt. Vel eum aspernatur sunt minus odit qui et. Et dolorem vitae architecto aliquam.', 5, '2025-03-14 14:24:18', '2025-03-14 14:24:18', NULL, NULL, NULL, NULL),
(80, 4, NULL, 'Dolor facilis iste sunt aut aut. Sit qui deserunt sequi possimus. Omnis ipsum quia velit hic. Qui illum et cupiditate. Voluptas aut optio alias perspiciatis velit praesentium.', 'In corrupti labore quia quidem perspiciatis. Quia et maxime ullam cumque praesentium. Amet aut voluptatem excepturi optio. Voluptatum sit et quaerat unde dolorem.<br>Aut sed aperiam numquam iusto voluptas. A itaque non aut impedit ut et sequi. Nemo et laudantium explicabo eaque adipisci.<br>Unde fugit soluta quasi quos veniam aperiam. Est saepe natus sequi est ab. Ut debitis deleniti ab explicabo ut. Natus necessitatibus consequatur voluptate voluptatibus ut sint dicta quo.', 5, '2025-03-14 14:24:18', '2025-03-14 14:24:18', NULL, NULL, NULL, NULL),
(81, NULL, 22, 'Deserunt rerum distinctio nihil aliquid voluptates autem. Quod sint earum voluptatem eius ab a. Molestias et nobis est officiis dolorem.', 'Aut aliquam esse voluptate id enim rerum est esse. Consequatur inventore quia quasi ea quam. Corrupti ad quos id sunt eos commodi voluptate non.<br>Velit error delectus aliquam nam. Tempore aut ullam nam. Voluptas quidem voluptates eveniet et minima et.<br>Dignissimos neque nisi eaque fugit molestias dolorem beatae. Id aut iure inventore ab. Consectetur odit quia odio corrupti ut. Laboriosam et ut aut.', 5, '2025-03-14 14:24:18', '2025-03-14 14:24:18', NULL, NULL, NULL, NULL),
(82, NULL, 8, 'Fugit nisi quia aperiam iusto. Suscipit et aut fugit magnam qui. Et facere autem voluptatem provident non rerum necessitatibus necessitatibus. Nisi tempora necessitatibus ullam enim.', 'Qui fugiat a quos est aut fugiat. Blanditiis qui sint eaque labore est. Ad excepturi possimus cumque tenetur quo eligendi. Quidem distinctio cumque assumenda iusto rerum perferendis voluptatem enim.<br>Excepturi minus sed iure fugit sit. Et aut dolorem commodi. Non sed ducimus temporibus laborum occaecati. Possimus minima dolor suscipit fuga explicabo quos.<br>Expedita et ea amet non iure omnis. Ducimus voluptas tempora culpa nulla amet possimus et. Voluptatem et velit officiis dolorem temporibus.', 3, '2025-03-14 14:24:18', '2025-03-14 14:24:18', NULL, NULL, NULL, NULL),
(83, NULL, NULL, 'Repellendus nam in unde laboriosam eligendi enim praesentium. Ratione aliquam id expedita maiores. Rerum error laboriosam libero.', 'Libero amet velit et harum. Et quisquam in tempore reprehenderit enim autem ducimus dignissimos. Sit in a non quisquam quia praesentium et.<br>Qui commodi provident dignissimos expedita harum. Repellat voluptates ea aliquam hic ut et est. Inventore voluptas nostrum impedit corporis.<br>Ut dolor optio cum impedit mollitia delectus. Saepe accusantium perferendis quia. Debitis laborum esse consequatur distinctio maiores accusamus.', 3, '2025-03-14 14:24:18', '2025-03-14 14:24:18', NULL, NULL, NULL, NULL),
(84, NULL, 12, 'Aliquam aut nihil nam veritatis consequatur. Quasi sed in recusandae eveniet labore id.', 'Nobis ipsam sit in minus. Sit ipsa similique magni iste voluptatibus. Natus aspernatur commodi temporibus ipsum voluptas error. Doloribus incidunt aliquid sit sunt qui non cum.<br>Quis qui saepe officiis voluptatibus non. In placeat architecto quis quo qui. Ut quia cum iusto similique voluptate id.<br>Error distinctio recusandae et soluta dolores delectus. Saepe exercitationem quia voluptatem. Qui nulla odio aperiam voluptatem maiores voluptatem error temporibus. Doloremque aut numquam nostrum magni saepe sunt odio.', 3, '2025-03-14 14:24:18', '2025-03-14 14:24:18', NULL, NULL, NULL, NULL),
(85, NULL, NULL, 'Eos a est officiis autem. Vel cupiditate omnis tempora temporibus. Adipisci eligendi voluptatibus a nostrum quas voluptatem.', 'Modi nobis blanditiis asperiores reiciendis accusantium error officiis officia. Aut eveniet fugit dolor. Qui ipsum et a molestias.<br>Cupiditate cumque quasi iusto et enim. Numquam voluptatem provident voluptatem enim et veniam consequatur qui. Minus ea perspiciatis voluptatibus consequatur odit eaque et quaerat.<br>Quae qui consequatur quasi. Assumenda earum provident dignissimos officiis facilis. Dolores rerum id et et.', 4, '2025-03-14 14:24:18', '2025-03-14 14:24:18', NULL, NULL, NULL, NULL),
(86, 4, 32, 'Pariatur deserunt dolorem libero eos. Officiis id eius ullam quos. Est tempore ut voluptatem perspiciatis rem exercitationem ex. Dicta est officia voluptas non corrupti sed omnis.', 'Voluptates blanditiis aut et qui ea qui architecto velit. Est quo odio qui explicabo voluptate fugiat ducimus. Itaque quod ut unde quis dolorem et a consequatur. Ut sed iure nesciunt doloribus.<br>Reiciendis esse veritatis ipsa aliquam. Nostrum harum et reprehenderit.<br>Recusandae magnam ad sunt et tenetur. Ut enim ipsam in. Nemo blanditiis est et fugiat consequatur facilis. Consequatur expedita rerum laudantium minima omnis error.', 5, '2025-03-14 14:24:18', '2025-03-14 14:24:18', NULL, NULL, NULL, NULL),
(87, 3, 2, 'Corporis nulla ipsam in eum ipsam veniam deleniti. Sunt aut perspiciatis eligendi omnis minus aspernatur consequatur. Architecto aut dignissimos enim soluta quidem nihil quae.', 'Delectus possimus beatae ullam dolorem at porro nobis. Corrupti ex cum sit sit. Rerum illo unde optio possimus. Facilis fugiat omnis totam suscipit dignissimos.<br>Deserunt molestiae nobis placeat dolorem. In iusto sunt qui sit voluptatem voluptas. Deleniti rerum sunt numquam porro.<br>Ut provident iusto ipsa accusantium nemo quaerat. Debitis eum sed aliquam ea aut nesciunt iusto. Error corporis maxime molestiae consequatur et deserunt consectetur est. Beatae placeat libero ratione.', 3, '2025-03-14 14:24:18', '2025-03-14 14:24:18', NULL, NULL, NULL, NULL),
(88, NULL, 6, 'Fuga perspiciatis enim aperiam et debitis. Eos illum voluptate animi non veritatis adipisci aut. Est est aliquam eius sint.', 'Quaerat eius unde est vel optio eveniet. Accusamus ullam dolorem omnis fuga deleniti. Vero totam commodi non nulla.<br>Numquam ut ullam aut hic omnis placeat dolorem. Unde dolore consectetur voluptates repudiandae minima amet eius. Expedita doloribus ad perferendis nihil.<br>Magni explicabo repellendus nam qui enim tempora sequi est. Quia et aliquam ea cum magni. Qui animi et odit totam dolorum assumenda.', 4, '2025-03-14 14:24:18', '2025-03-14 14:24:18', NULL, NULL, NULL, NULL),
(89, NULL, 49, 'Officiis molestiae omnis quae non. Commodi et ea sunt qui tempore nihil ut. Non fugiat recusandae nesciunt amet rem velit mollitia. Voluptates fugiat architecto qui vel excepturi perspiciatis.', 'Maxime aperiam aliquam nemo animi unde occaecati. Molestias ad aut non natus ut. Rerum nihil placeat labore ut in et. Cum aperiam nobis iste.<br>Eaque eligendi nobis deserunt ducimus quae. Aut sed voluptates ab et quo ut commodi. Odit quaerat ad ullam ullam. Laborum non modi qui optio et alias ex.<br>Debitis omnis unde repellendus et placeat vero. Eos consequatur sed minima debitis perferendis culpa quasi. Ipsum sint tempore et consequatur est. Exercitationem reiciendis perspiciatis sunt.', 4, '2025-03-14 14:24:18', '2025-03-14 14:24:18', NULL, NULL, NULL, NULL),
(90, NULL, 32, 'Et odit sint voluptatibus autem maxime. Temporibus optio ipsa sint accusantium velit quis non. Qui fugiat eveniet est omnis. Perferendis aut nihil distinctio reprehenderit quae ullam.', 'Sint suscipit impedit sit est. Et facilis omnis aut dolorum qui. Nisi est aut distinctio eius et dolores eaque.<br>Ea dolores eligendi necessitatibus non reprehenderit. Autem et suscipit consequuntur eum quos. Possimus praesentium id praesentium neque corporis aut explicabo. Vel quod in in distinctio.<br>Similique ab quis totam porro et provident facere ex. Expedita enim a consequuntur non aliquam repellat asperiores nostrum. Et assumenda eos nam fuga quo nulla.', 5, '2025-03-14 14:24:18', '2025-03-14 14:24:18', NULL, NULL, NULL, NULL),
(91, 2, 12, 'Repellendus quis a enim culpa. Repellat debitis beatae ut natus asperiores hic. Voluptatem neque rerum mollitia repellat.', 'Cumque quas architecto similique sapiente beatae. Facere tempore dicta minus quos nam quia et. Magnam et explicabo nisi voluptatem. Quod facilis occaecati quia ea aut.<br>Voluptatibus aliquam impedit nostrum consequatur. Dignissimos tenetur totam illum non non. Voluptatum iure consequatur veniam dicta magnam.<br>Qui officia quia ut non ipsum. Aliquid vero quisquam natus sint officia laboriosam labore non. Id eos maxime deserunt porro qui.', 3, '2025-03-14 14:24:18', '2025-03-14 14:24:18', NULL, NULL, NULL, NULL),
(92, NULL, NULL, 'Laboriosam nam voluptas ea eaque accusantium. Illo tenetur quo soluta doloremque debitis eveniet doloremque. In et provident vero eos. Perspiciatis facere placeat exercitationem esse quidem iure aut.', 'Et accusantium blanditiis omnis qui animi quibusdam. Temporibus aliquam quis quos tenetur temporibus molestias ab. Voluptas quia animi minus accusamus molestiae.<br>Corporis temporibus molestiae ut voluptatem illo. Doloribus dolorem consequuntur harum sint. Ut voluptates consequatur beatae enim. Ipsa occaecati aut ut sed.<br>Qui harum quia optio adipisci ex rerum. Hic voluptas qui quis. Et ea nemo qui sequi ut. Iusto qui sit eaque iusto dolor perferendis.', 3, '2025-03-14 14:24:18', '2025-03-14 14:24:18', NULL, NULL, NULL, NULL),
(93, 4, NULL, 'Deserunt repellat distinctio ut quia eos et placeat. Beatae ut corporis voluptatibus quo in ut. Autem omnis ea dolorem provident voluptas placeat consequuntur.', 'Velit ea dolorem placeat atque ut. Repellendus sint quia cupiditate neque itaque rerum ut sit. Aperiam voluptatem quae expedita qui facere. Incidunt quas possimus recusandae rerum ipsam sapiente.<br>Iure totam dolorum est ut maxime consectetur distinctio. Provident possimus debitis tenetur esse. Ipsum occaecati ea quia.<br>Excepturi vitae cumque commodi et non ut sapiente. Voluptatum quo rem eligendi praesentium. Omnis cupiditate autem libero enim omnis repellendus et.', 4, '2025-03-14 14:24:18', '2025-03-14 14:24:18', NULL, NULL, NULL, NULL),
(94, 2, 18, 'Blanditiis dicta voluptas ut nemo. Provident vel incidunt voluptatem temporibus unde.', 'Nesciunt sapiente aliquam ut. Optio dolores est mollitia facere est sed consequuntur. A saepe qui ea vel quia. Provident sed nisi quia eveniet numquam non repellendus. Quia accusantium et occaecati dicta similique.<br>Ut distinctio omnis minus quod dolor et. Dolor ipsa libero earum sed harum fugiat alias voluptate. Aut natus eveniet molestiae recusandae veniam ab vel. Iste ratione id impedit ut qui.<br>Ea id totam pariatur et et. Eligendi voluptatibus alias odit perspiciatis ratione quia atque officia. Non sequi ipsa rerum quia. Dolorum quia consequatur nulla sed et ipsam omnis et.', 3, '2025-03-14 14:24:18', '2025-03-14 14:24:18', NULL, NULL, NULL, NULL),
(95, NULL, NULL, 'Voluptas in iste nostrum sequi aspernatur. Qui iusto qui ex neque rerum est et hic. Minus quam dolores eaque voluptatem. Sint a autem atque esse corrupti magnam nemo.', 'Incidunt dolorem voluptatum illum explicabo et. Asperiores voluptas itaque velit harum. Fugiat eveniet amet laboriosam minima illum tenetur.<br>Cupiditate officiis labore ex corrupti dolorem quia eaque. Sunt similique id vel cum voluptatem repellendus ratione. Veniam quae debitis numquam cumque velit cupiditate. Sed sequi voluptatem omnis.<br>Et voluptas et deleniti ut hic non et. Iusto enim et delectus iste sed similique. Omnis et nemo eos eum reiciendis. Et est incidunt qui.', 4, '2025-03-14 14:24:18', '2025-03-14 14:24:18', NULL, NULL, NULL, NULL),
(96, NULL, NULL, 'Voluptatibus ut suscipit quam tempore omnis ipsam et. Qui eos veritatis impedit consectetur nobis laborum. Non deleniti minus quo eos.', 'Molestias repellendus cum inventore voluptatem voluptatum. Vel nobis a inventore. Incidunt in culpa quisquam et. Omnis rerum ut velit harum tempore sed atque aliquam.<br>Et reiciendis minus rerum quia. Dolorem maiores ullam et eum velit quia veniam. Laboriosam qui quisquam reprehenderit voluptatem aut.<br>Enim ut eos provident molestias necessitatibus ut. Magnam ut animi voluptate id et ut. Dignissimos earum ut necessitatibus atque sit quis ex.', 4, '2025-03-14 14:24:18', '2025-03-14 14:24:18', NULL, NULL, NULL, NULL),
(97, 2, NULL, 'Quam culpa ipsum quos laborum dolorem quasi quidem. Et ut voluptates in ut tenetur. Ullam nihil inventore molestiae molestiae omnis.', 'Eveniet recusandae vitae distinctio reiciendis. Pariatur vel omnis quaerat et soluta. Fuga voluptatibus neque quisquam tempora recusandae. Dolorem sunt mollitia qui deserunt.<br>Adipisci doloremque sit excepturi quidem aliquid. Rerum nesciunt et natus vel quae qui sit. Odio qui sit asperiores dignissimos repudiandae blanditiis numquam. Sunt id qui cum recusandae sed.<br>Est in molestiae sed possimus dolorem et. Voluptatem cupiditate et et debitis non eligendi. Voluptates rerum doloribus voluptate eveniet unde.', 3, '2025-03-14 14:24:18', '2025-03-14 14:24:18', NULL, NULL, NULL, NULL),
(98, 3, 6, 'Dolorum odit sit aut tempore tempore. Expedita dolorem culpa quidem odit laborum itaque inventore quis.', 'Nemo illo error ipsum in odio blanditiis temporibus. Dolorem aliquid dolorem enim magnam est. Iste similique officiis autem qui ullam non sed.<br>Sapiente recusandae aspernatur eos dolorem sunt quaerat. Occaecati architecto cumque praesentium et porro ab voluptatum ut. Id magnam quasi eos enim harum nemo.<br>Officiis odio est ut. Consequatur dolor quae qui natus id autem et. Modi quaerat dolores quia et. Laudantium illo unde molestiae earum.', 5, '2025-03-14 14:24:18', '2025-03-14 14:24:18', NULL, NULL, NULL, NULL),
(99, NULL, 36, 'Consequatur mollitia dolorem illo beatae molestiae error. Ut consequuntur mollitia ut temporibus dolore non. Mollitia aut facilis autem voluptatem aut deserunt ullam.', 'Nulla optio voluptatem dolorum aliquid libero dolorum rerum. Enim nam impedit officiis autem blanditiis voluptatem. At recusandae corrupti vitae quibusdam est. Veniam dolores pariatur est ex voluptas et.<br>Minima ducimus eum rem possimus nihil et. Dolores repudiandae rem iste enim voluptate quae. Ea saepe quos quis.<br>Vitae quis debitis a velit sunt quos voluptatem dignissimos. Voluptatem fugit veritatis voluptate magnam animi. Nulla commodi vitae facilis. Sed maxime maiores eos maxime modi. Eum delectus sunt alias modi.', 4, '2025-03-14 14:24:18', '2025-03-14 14:24:18', NULL, NULL, NULL, NULL),
(100, 4, NULL, 'Magni hic quia rerum autem est dolorem. Iusto expedita ratione quos.', 'Dicta et eligendi aut voluptates esse quo. Perferendis ut consequatur placeat culpa et. Asperiores rerum animi in.<br>Voluptas labore aperiam ex odio. Quam ut rerum qui sit qui. Deleniti suscipit praesentium corrupti voluptatem assumenda ut aut.<br>Aspernatur praesentium sit optio sit officiis ipsam sint. Praesentium quidem nihil est qui sit consequatur omnis. Eos rerum beatae iste. Vero dolor quas et impedit.', 3, '2025-03-14 14:24:18', '2025-03-14 14:24:18', NULL, NULL, NULL, NULL),
(101, 2, NULL, 'Repellat dolores id ratione corporis ut nobis itaque. Omnis voluptatem et mollitia fugit reprehenderit. Quod ex autem sequi.', 'Sed atque quam ipsa voluptate. Maiores asperiores maiores eum eaque. Illo magnam quo id repudiandae voluptatem sequi iure sint. Fugit aut consequuntur expedita quia hic aspernatur quaerat.<br>Cum quo enim voluptatibus sunt consequatur officiis autem. Quaerat doloribus delectus reiciendis eum. Eum aliquid eos in numquam vel reiciendis. Placeat perspiciatis et tempora totam facilis.<br>Vero dicta dolor rerum assumenda eaque commodi. Molestias fugiat quod autem tempora in corporis. Voluptatibus voluptas sed incidunt magni at cumque.', 4, '2025-03-14 14:24:18', '2025-03-14 14:24:18', NULL, NULL, NULL, NULL),
(102, 3, 21, 'Facere veniam aut qui quo eum. Reiciendis velit maiores quae impedit. Voluptate adipisci beatae recusandae ea voluptatibus.', 'Doloremque dolores quod est fugiat et sit est. Corporis ut sint autem est qui. Et error ad ut et voluptatum reprehenderit enim.<br>Est ea et similique aut sint ad. Doloribus rerum nostrum itaque numquam odit. Tempore necessitatibus labore facere ut delectus architecto perspiciatis. Et quia vel quas enim ullam.<br>Unde odit quae quam beatae fugiat et et. Saepe quia voluptatum quisquam. Eius necessitatibus cum consequatur dolores itaque.', 4, '2025-03-14 14:24:18', '2025-03-14 14:24:18', NULL, NULL, NULL, NULL),
(103, 2, NULL, 'Quia aliquam quis et quod alias quaerat id et. Qui quis quia totam architecto eum vel sed. Debitis quisquam suscipit similique iure iste earum dignissimos illum.', 'Ullam dolores et autem et quidem aut sed. Itaque magnam fuga dolor qui. Sunt optio magni voluptatem facilis dolores.<br>Ullam qui quia sit sunt cum eos maiores. Minus voluptatem possimus maiores soluta magnam nobis. Voluptates exercitationem ullam ut magni. Reprehenderit qui corrupti similique nostrum ipsam voluptas. Officiis blanditiis ut incidunt exercitationem rerum.<br>Natus omnis in eos harum est molestias. Veritatis ipsum quas est consequatur eos. Ad earum quia quos error.', 4, '2025-03-14 14:24:18', '2025-03-14 14:24:18', NULL, NULL, NULL, NULL),
(104, NULL, 30, 'Laboriosam delectus quia est id occaecati. Totam et expedita libero sunt eligendi odio autem. Laborum aspernatur vitae architecto maxime voluptas neque laboriosam. Id porro eligendi numquam animi.', 'Id veniam libero et et tempora magni officia rem. Non reiciendis facilis molestias explicabo et nihil sed. Sed quidem eum neque nobis voluptas aut repellat. Dolores et nemo iste et est nisi adipisci pariatur.<br>Accusamus voluptatem quasi porro. Repellendus aliquid maxime nisi tempora accusantium quo est eum. A dicta et occaecati officia nulla voluptas saepe fugiat. Eum nemo odit quo excepturi dolorem inventore sapiente ea.<br>Architecto sint neque unde quaerat illum nisi nam. Quo et soluta accusamus modi unde rem. Ut dolores et dolor sunt illo quo ullam.', 3, '2025-03-14 14:24:18', '2025-03-14 14:24:18', NULL, NULL, NULL, NULL),
(105, NULL, NULL, 'Cum cumque est asperiores aliquam excepturi. Sint ipsum ut ut placeat quasi fugit.', 'Omnis sed rerum soluta aliquid est nemo et. Excepturi numquam harum sed non impedit voluptas ea. In eligendi dolorem enim sed.<br>Tempora aliquid aut aliquid est cum amet est molestiae. Maiores ratione illum architecto. Ex expedita eum ut.<br>Id nobis rerum et ut. Ut quo tempore est nemo magnam repudiandae blanditiis.', 3, '2025-03-14 14:24:18', '2025-03-14 14:24:18', NULL, NULL, NULL, NULL),
(106, NULL, 27, 'Dolores ut aut voluptatem neque hic id id itaque. Id atque fugit voluptatem omnis.', 'Qui praesentium ut aut rem non tempora. Doloremque voluptas reiciendis tempora ad vero. Consequatur non debitis ut quis voluptatem quasi.<br>Sit nulla molestias sunt numquam quas voluptatem eaque. Eos cum dolores dolores in.<br>A sed ea tempore et. Nihil ab assumenda et quia eius non vitae. Pariatur harum vel neque eum necessitatibus optio. Nemo rerum dolor ea voluptas.', 5, '2025-03-14 14:24:18', '2025-03-14 14:24:18', NULL, NULL, NULL, NULL),
(107, 3, 1, 'Error veniam aspernatur iure qui. Distinctio et neque excepturi. Totam natus voluptates cupiditate assumenda vel et. Recusandae commodi voluptas magni maxime quo aut asperiores.', 'Qui est voluptates voluptatem pariatur sapiente laborum quam temporibus. Esse placeat sed architecto cumque quod et. Perferendis itaque consequatur atque et quia excepturi sed. Officiis laudantium incidunt optio delectus porro.<br>Ut velit aspernatur cum id. Omnis perferendis earum error dolorum officiis quos. Eos voluptas illo mollitia perspiciatis rem quasi aut. Ut impedit omnis esse ut.<br>Error sed error eveniet eaque illo vero velit. Id repellendus voluptatem voluptas ipsam quia voluptatum nobis. Blanditiis illum et eum aliquam magni consequuntur aperiam est. Numquam explicabo occaecati architecto tempora.', 3, '2025-03-14 14:24:18', '2025-03-14 14:24:18', NULL, NULL, NULL, NULL),
(108, NULL, NULL, 'Excepturi delectus aperiam odit quam sed. Iste ex iure reiciendis vel id sed ipsum. Mollitia tempore est animi repellat assumenda delectus vero.', 'Itaque optio iure est et ratione. Aut error iste nobis et in quae voluptatem. Expedita quia cumque odit sed aspernatur voluptas.<br>Dolor placeat quis et reiciendis. Dolores perspiciatis ut rerum enim debitis qui. Aut fuga neque autem provident facere neque.<br>Nulla error illum voluptatibus aut. Dicta molestiae pariatur molestias magni est sit doloribus. Cupiditate fugiat aut tempora et necessitatibus blanditiis. Voluptatem sunt praesentium ad omnis illo dolore voluptate.', 3, '2025-03-14 14:24:18', '2025-03-14 14:24:18', NULL, NULL, NULL, NULL),
(109, NULL, 6, 'Cumque unde pariatur enim molestiae sunt. Doloribus et sed provident doloribus. Minima reiciendis molestias soluta sed earum necessitatibus.', 'Id libero eius quibusdam. Et nam voluptas error debitis necessitatibus suscipit voluptatibus. Dolorum quis nihil quia deleniti cupiditate voluptate.<br>Repudiandae nulla maiores enim vitae ut in voluptas. Debitis aliquam in sed eveniet eos necessitatibus. Itaque placeat sunt voluptatem sunt cum sint veniam eius. Occaecati eos ducimus magni ut omnis voluptatem dolor.<br>Sit doloremque omnis et nesciunt quia cum nemo. Assumenda nam saepe earum rerum dolores magni. Illum praesentium consequatur quas exercitationem in ipsa totam. Sit eum laboriosam laboriosam quibusdam. Quo delectus delectus repellat.', 5, '2025-03-14 14:24:18', '2025-03-14 14:24:18', NULL, NULL, NULL, NULL),
(110, NULL, 48, 'Et quas asperiores repudiandae corrupti. Facilis consequuntur quidem ipsa sunt vero pariatur. Eaque quos soluta molestiae vero iste provident illum velit. Consequatur dolore vero accusamus.', 'Illum molestiae aliquid veritatis nisi consequatur et exercitationem ducimus. Quam debitis sunt adipisci rerum repudiandae. Voluptatem et dolorem qui et. Culpa velit rerum et aut sed deserunt quia.<br>Omnis omnis neque id. Eveniet sit autem qui dolores. Quae possimus sint error voluptas. Nihil in sed illo nihil nobis distinctio sequi.<br>Veniam quis a illo magnam nihil non. Sed tempora consectetur sint nam. Voluptatibus quia est quo inventore voluptatibus recusandae. Cum dolorum architecto neque voluptas totam.', 5, '2025-03-14 14:24:18', '2025-03-14 14:24:18', NULL, NULL, NULL, NULL),
(111, 2, NULL, 'Voluptates harum delectus facere et quis aliquid consequatur. Architecto ut dolor neque labore et excepturi autem.', 'Beatae perspiciatis non sed earum. Consequatur neque labore aliquam nobis iste temporibus. Eligendi ea corrupti enim nemo ipsa consequuntur.<br>Repellendus ex et assumenda ratione. Ducimus vel qui est alias. Ipsa rem dolorem qui quo. Soluta aut dolor consectetur optio consequatur officiis.<br>Quo id aut eum. Dolores dolorum itaque autem ea dolorem ducimus qui. Qui qui suscipit saepe aut quia ad.', 3, '2025-03-14 14:24:18', '2025-03-14 14:24:18', NULL, NULL, NULL, NULL),
(112, NULL, NULL, 'Expedita quae iure tempora. Qui mollitia non qui nemo asperiores. Laborum voluptates blanditiis voluptatum et sapiente adipisci.', 'Nemo quidem aspernatur inventore qui. Natus a ipsam sint illum eligendi temporibus nisi. Dicta reiciendis voluptatum sunt.<br>Vel unde alias et sit. Ducimus ut doloribus delectus. Pariatur sit quaerat non aut rem deserunt at. A necessitatibus beatae modi aut. Dolorum neque et aut odio aut fuga.<br>Est quibusdam placeat sunt. Ut pariatur dicta beatae ad eius dolore rerum. Accusamus natus natus earum maiores non quo.', 3, '2025-03-14 14:24:18', '2025-03-14 14:24:18', NULL, NULL, NULL, NULL),
(113, 4, 16, 'Consequuntur aliquid voluptate aut eaque explicabo nostrum. Nostrum blanditiis et dolorum omnis. Commodi voluptatum quod eaque officia possimus in blanditiis. Est necessitatibus ut aliquam aut.', 'Quisquam quas blanditiis adipisci voluptas debitis ullam provident. Quas praesentium minima reprehenderit voluptatem delectus. Illo distinctio dicta totam quod fugiat fugit. Esse sit nostrum rerum non.<br>Error ipsum et ex. Aut quisquam illum fugit quas cum iusto. Non assumenda qui qui ullam dolores eaque. Aperiam optio nihil similique deleniti sequi sed voluptatem. Corporis non sunt provident sed.<br>Provident laboriosam tempore necessitatibus aliquam. Quisquam esse laudantium et quisquam nostrum. Sunt eligendi dolores fugiat. Iure ipsam provident ratione aut rerum.', 3, '2025-03-14 14:24:18', '2025-03-14 14:24:18', NULL, NULL, NULL, NULL),
(114, 4, NULL, 'Unde temporibus eaque corrupti et mollitia est ducimus temporibus. Porro voluptatum dolor aliquam ex odio similique. Et provident nemo voluptatum. Commodi dolores in et incidunt aut.', 'Assumenda vitae sit est ullam fugit ab. Voluptatem et eum perspiciatis nihil consequatur. Tempora fugiat voluptatibus eos delectus aut quam adipisci.<br>Quo et ullam aspernatur eos pariatur. Tempora qui quibusdam quo corrupti ut eum placeat. Fugit velit aliquid non quidem ipsum. Laudantium aut natus voluptatem vero quia hic.<br>Dicta quis blanditiis et molestias voluptatem est. Pariatur inventore voluptatum qui alias. Minima ut iusto ex voluptatem quo.', 5, '2025-03-14 14:24:18', '2025-03-14 14:24:18', NULL, NULL, NULL, NULL),
(115, NULL, NULL, 'Hic officiis aspernatur illo et qui et. Quae repudiandae nihil est corrupti modi. Ratione ut quas et.', 'Adipisci quae qui placeat odit nesciunt voluptate consequuntur. Qui harum sit earum voluptatibus labore est. Non esse voluptatum cupiditate quo eligendi deleniti.<br>Dolores sint nisi nostrum distinctio repellat consectetur qui vel. Molestiae at omnis odio sit sit rerum ut voluptatem. Odit molestias modi sunt quasi nihil.<br>Aspernatur rerum nobis quia beatae sed. Eius facere occaecati eaque distinctio accusamus consectetur sed. Ut magni qui sapiente. Et ea facilis facilis.', 5, '2025-03-14 14:24:18', '2025-03-14 14:24:18', NULL, NULL, NULL, NULL),
(116, NULL, NULL, 'Qui dolor id fuga optio. In nobis magnam quam debitis dolores labore. Soluta omnis corrupti debitis a amet voluptatem dolores quia. Quidem eaque dolores odit.', 'Necessitatibus alias aspernatur nihil placeat libero officiis. Beatae exercitationem ipsa aut dolor expedita recusandae ad molestiae. In veniam nobis quia at repellendus libero ut est. Sed esse consequatur ullam occaecati. Iste minima consequatur dolorem inventore maiores dolor.<br>Doloremque qui accusantium sit qui illum. At rem officiis nisi rerum.<br>Vel amet et saepe sint. Quo tempora et commodi nihil ut esse ea. Pariatur quo ea aut.', 3, '2025-03-14 14:24:18', '2025-03-14 14:24:18', NULL, NULL, NULL, NULL),
(117, 4, NULL, 'Et dolores quas et nesciunt. Asperiores officia sequi culpa aspernatur. Est praesentium libero sunt quis sunt voluptatem.', 'Molestiae ipsum sed omnis vitae eos beatae. Vitae vel quos et rerum. Qui facere omnis maiores id harum velit dolor.<br>Quasi praesentium voluptates rerum. Voluptatem sed autem eius possimus. Ipsa et perspiciatis sunt deleniti dolore suscipit in.<br>Error eum quidem vitae eos provident quisquam in. Voluptatem provident sunt nam hic qui. Dolorem consectetur sed consequatur provident ut. Eum vero illum et et quisquam occaecati alias.', 4, '2025-03-14 14:24:18', '2025-03-14 14:24:18', NULL, NULL, NULL, NULL),
(118, NULL, NULL, 'Ipsa itaque qui necessitatibus et. Eos fugiat id saepe et quasi atque. Rerum reprehenderit non deleniti delectus et veniam debitis.', 'Et fugiat illo perspiciatis qui cumque et voluptatem. Aspernatur praesentium et velit est tempore. Ex enim error dolorem similique nam consequatur. Est possimus quis asperiores aut accusantium.<br>Minima blanditiis aut quis tempora et eum deleniti consequatur. Illum ratione distinctio est.<br>Dicta recusandae voluptatem velit error. Maiores non architecto repudiandae et harum laudantium. Consequuntur ea eum ut in voluptatem. Soluta voluptas incidunt quia ipsum possimus atque.', 3, '2025-03-14 14:24:18', '2025-03-14 14:24:18', NULL, NULL, NULL, NULL),
(119, NULL, NULL, 'Debitis temporibus provident velit recusandae numquam. Iste reiciendis nisi nulla eos aut. Quos officia assumenda blanditiis. Non voluptatibus voluptas blanditiis ipsa quae.', 'Quis non qui et. Perspiciatis aperiam assumenda et. Deleniti occaecati molestiae beatae deserunt. Qui debitis natus ipsam et quod culpa repellat.<br>Debitis numquam voluptatem explicabo alias enim eos. Non totam placeat maiores provident velit est. Tempore omnis quam tempora quae et ratione veritatis. Est sed quos et.<br>Architecto vitae harum earum architecto molestiae non qui. Incidunt laudantium veritatis eos et aut nemo. Sed qui corporis molestiae nemo quidem et voluptatem aspernatur.', 5, '2025-03-14 14:24:18', '2025-03-14 14:24:18', NULL, NULL, NULL, NULL),
(120, NULL, NULL, 'Delectus repudiandae blanditiis esse. Est quaerat sit architecto corrupti qui totam quam. Aspernatur eum quod laborum voluptate ut consequuntur tempora.', 'Inventore dolor eveniet sit. Omnis ducimus excepturi quaerat adipisci. Dolor sint nam quis optio animi dolor eum. Occaecati et repellat sit omnis nobis voluptate est.<br>Consequuntur aut eum quasi sed. Placeat adipisci autem sint ab. Rerum cumque voluptate sit commodi expedita.<br>Perspiciatis quibusdam sapiente velit consequatur voluptates nobis. Aspernatur non officiis enim velit molestiae repellat. Earum mollitia est voluptatem quibusdam debitis voluptatem aperiam odio.', 3, '2025-03-14 14:24:18', '2025-03-14 14:24:18', NULL, NULL, NULL, NULL),
(121, NULL, 28, 'Corporis sit reprehenderit amet odio modi. Labore dolores quia necessitatibus accusantium quo. Et optio aliquam qui occaecati fugiat.', 'Quam quis id necessitatibus sint. Dicta est dolorem eum labore ratione. Quis aut nihil nisi temporibus dolor inventore. Natus aut quidem blanditiis vero laudantium nostrum.<br>Facere cumque tenetur voluptatum ea libero veritatis et corrupti. Magnam amet illum repellat. Sit vel est qui expedita. Pariatur quo repudiandae voluptas assumenda magnam placeat.<br>Magnam accusantium est veritatis velit ea. Voluptatem consequatur eum in. Iure sapiente et eius ea quia rerum. Necessitatibus impedit quia perferendis et.', 5, '2025-03-14 14:24:18', '2025-03-14 14:24:18', NULL, NULL, NULL, NULL),
(122, NULL, NULL, 'Totam sed maiores qui eius iste sed voluptatum quia. Laudantium nam reiciendis non voluptatem recusandae tempore eius.', 'Magnam nostrum ipsum maiores rerum libero voluptatem. Illum aut eius a error. Pariatur laborum quibusdam non ratione ut voluptatibus.<br>Hic voluptatem et eaque veniam voluptas facere provident. Ut ut incidunt minima quasi laudantium. Sunt nam asperiores impedit deleniti voluptas. Voluptatem et quo dolores rerum. Iusto dolorem vitae quia quibusdam doloremque.<br>Assumenda perspiciatis rerum hic vero et est. Tenetur veritatis architecto dolor voluptas. Dolor blanditiis autem voluptates beatae alias ut. Possimus qui est et quis commodi.', 5, '2025-03-14 14:24:18', '2025-03-14 14:24:18', NULL, NULL, NULL, NULL),
(123, NULL, 26, 'Sit est animi quisquam aliquid veritatis totam. Quisquam mollitia praesentium accusamus sunt molestiae magnam.', 'Dolores aut sequi in dolorem ut sed quia optio. Eveniet enim optio qui nihil. Sunt tenetur reprehenderit recusandae tempore atque minima. Est nisi veritatis alias voluptatum dolor quia omnis.<br>Et veritatis cum maxime et rerum sed. Omnis inventore voluptate et et minima. Enim provident inventore commodi libero. Sit odio laborum ut inventore magnam quia ut praesentium.<br>Unde ad quis et labore quis eveniet provident. Suscipit id cumque et et consequatur voluptatem. Temporibus quia et ad non laboriosam et.', 4, '2025-03-14 14:24:18', '2025-03-14 14:24:18', NULL, NULL, NULL, NULL),
(124, NULL, NULL, 'Non aut quam eveniet qui corporis quisquam beatae. Perferendis quis tempora rerum saepe aut harum quas.', 'Quos repellat doloribus dicta sint. Omnis facilis autem sint animi hic veritatis officiis aut. Eos magni quis qui.<br>Consectetur architecto omnis et officiis laboriosam voluptas ullam. Perspiciatis ratione et corrupti ad. Recusandae quia iste cupiditate sunt eius illo.<br>Est libero accusamus voluptas voluptas. Iusto consequatur et ea numquam sapiente et iure.', 4, '2025-03-14 14:24:18', '2025-03-14 14:24:18', NULL, NULL, NULL, NULL),
(125, 4, 9, 'Molestiae aut et voluptas ipsa. Ipsum facere rerum cum aut. Minus sed sunt deserunt soluta quis omnis.', 'Unde ut temporibus culpa similique sunt itaque quidem. Beatae illum temporibus deleniti voluptatem omnis est omnis quis. Molestiae dolorem sequi laudantium repellendus. Nihil et ullam velit provident sapiente.<br>Quia qui consequatur excepturi enim perspiciatis. Ut et sint qui enim ducimus sed unde. Praesentium et qui rem.<br>Laboriosam libero veritatis ipsam aperiam molestias. Aut aut tempore beatae praesentium. Omnis et consequatur voluptatum quibusdam.', 4, '2025-03-14 14:24:18', '2025-03-14 14:24:18', NULL, NULL, NULL, NULL),
(126, NULL, NULL, 'Numquam laudantium tempora dolorem expedita et. Consectetur quidem sed voluptatem. Harum accusantium non dolorem officia vel.', 'Itaque consectetur optio et mollitia quis temporibus. Explicabo officia veniam eligendi rerum voluptatem. Et cumque ut aut ipsa sunt non aut. Quis ut a repellendus. Non aliquid adipisci sint.<br>Est odit est iusto reprehenderit in dolores. Est fugiat facere quibusdam eos. Omnis est id assumenda.<br>Maiores blanditiis vel temporibus autem non voluptate reiciendis autem. Voluptatem qui expedita consequatur ad est architecto. Aut quia voluptatem ipsa deserunt accusantium ut ut expedita.', 5, '2025-03-14 14:24:18', '2025-03-14 14:24:18', NULL, NULL, NULL, NULL),
(127, NULL, 34, 'Et voluptatem illo nam sapiente. Voluptate est dolor labore officiis ut quae debitis. Sunt cupiditate sint eaque tempore. Reiciendis quasi alias illo magnam id est aut.', 'Consequuntur omnis delectus libero ipsa quia voluptatem architecto maiores. Odit necessitatibus esse itaque iusto nesciunt. Harum quia nobis similique quae id ut odio.<br>Consequatur qui quam dicta aliquid quibusdam amet eos. Quod nulla ducimus in ipsum quos velit.<br>Quo molestiae enim ut repudiandae vel et labore est. Consequatur qui voluptate minima veniam praesentium. Quasi dicta porro beatae.', 4, '2025-03-14 14:24:18', '2025-03-14 14:24:18', NULL, NULL, NULL, NULL),
(128, 3, 45, 'Exercitationem vitae necessitatibus ut odit. Sit repudiandae animi rerum laborum praesentium perferendis. Nesciunt dignissimos consectetur natus impedit quasi. Modi quidem ducimus velit ipsam.', 'Illum aliquid voluptatum id alias autem. Ducimus dignissimos dolorem laborum quis inventore odit vel. Et quam aperiam excepturi quo quo reiciendis quam. Qui sit consequuntur at ut tenetur molestiae.<br>Consectetur impedit architecto incidunt dicta recusandae assumenda. Aut iste non omnis praesentium sunt sit dolores in. Necessitatibus quia magnam et ut molestiae.<br>Dolores accusamus modi dolor non eligendi quae. Error nemo consequatur quia velit quae possimus eum aut. Magni vel excepturi qui sed.', 4, '2025-03-14 14:24:18', '2025-03-14 14:24:18', NULL, NULL, NULL, NULL),
(129, 3, 25, 'Recusandae sed sint enim omnis veritatis dolores. Hic unde illum odit officiis rerum iure et. Voluptas ad aut rerum. Quas consequatur consequatur adipisci fugiat.', 'Similique ut quis qui amet. In rerum sed nisi non. Nobis aperiam architecto iste velit consequatur.<br>Est eius perspiciatis est qui non rerum maxime. A molestias libero amet ipsam voluptate deserunt quo. Tenetur repudiandae dolorem aut ea quibusdam vero magni.<br>Blanditiis officiis consequatur ea recusandae vero sint sunt. Rem natus reprehenderit quis deleniti minima similique harum. Sed provident similique dicta non.', 4, '2025-03-14 14:24:18', '2025-03-14 14:24:18', NULL, NULL, NULL, NULL),
(130, 2, 32, 'In non officia doloremque et maiores accusamus. Ut aut eveniet minima hic hic.', 'Et ipsum et laborum temporibus amet nemo soluta. Quae reprehenderit placeat sit dolor quasi dolore. Quisquam dicta sapiente nam rerum.<br>Molestiae ullam reprehenderit consequatur omnis aliquid et molestiae. Sunt quo id minima totam voluptatibus praesentium fugit. In ut distinctio molestiae quaerat. Cumque voluptatibus non quis eum et.<br>Sit quis nesciunt harum omnis placeat. Natus cupiditate in molestiae corporis eos porro ratione ipsa. Laudantium hic earum non officiis qui. Maxime tenetur et deserunt cupiditate.', 5, '2025-03-14 14:24:18', '2025-03-14 14:24:18', NULL, NULL, NULL, NULL),
(131, NULL, 16, 'Unde maiores est consequatur molestiae. Ut eaque esse quo nemo. Vitae ipsam recusandae cumque et doloribus. Ipsam quam quis praesentium at et officiis accusantium.', 'Eius corporis temporibus eveniet fugit quos voluptates. Quibusdam temporibus a iusto sit quia. Blanditiis eius dolores qui eveniet soluta reiciendis.<br>Nisi ut autem et ut voluptates. Sint dolorum omnis eos asperiores est qui. Ea praesentium repellat nisi similique impedit quos.<br>Libero sed delectus reprehenderit perferendis esse quis dolores. Fuga et ea expedita eveniet inventore. Ut ut perferendis voluptatem vero. Aut aut non a provident qui.', 3, '2025-03-14 14:24:18', '2025-03-14 14:24:18', NULL, NULL, NULL, NULL),
(132, NULL, NULL, 'Quod non illum non. Magni et corporis omnis.', 'Aperiam qui laborum maiores minus. Vitae eos iure et maiores quo et temporibus. Et labore id animi hic. Delectus ad velit sint porro illum laudantium.<br>Eum repudiandae optio pariatur voluptatum deleniti est eius dolorum. Ut aliquam numquam dolorem harum sequi consequuntur dolorem repellat. Id deleniti dolorem animi minus omnis quo.<br>Ut atque nulla at dolores animi. Eaque quo reprehenderit quasi praesentium ut sed illo nisi. Iure eum est et facere eos atque. Facilis et adipisci quaerat.', 3, '2025-03-14 14:24:18', '2025-03-14 14:24:18', NULL, NULL, NULL, NULL),
(133, NULL, NULL, 'Possimus assumenda atque doloremque esse. Amet tenetur iste labore. Consequuntur ad ullam vel id omnis officiis. Voluptatum natus voluptatem et.', 'Eaque qui et porro esse. Hic enim autem recusandae laboriosam nesciunt ipsum aut. Atque facilis expedita tempore eligendi aut est nobis. Sunt hic eius ea quis nesciunt nihil non voluptas.<br>A doloremque ut nemo esse cupiditate dolorem eos debitis. Consectetur quam ipsa tempore omnis repudiandae veniam commodi. Culpa tempore perspiciatis fugiat nam soluta. Error accusantium eos et fuga.<br>Quo delectus labore amet est in officia. Eos repellendus ut modi maiores incidunt dolor. Aut ipsam qui voluptas aut et.', 4, '2025-03-14 14:24:18', '2025-03-14 14:24:18', NULL, NULL, NULL, NULL),
(134, 3, 14, 'Minima repudiandae accusamus aperiam. Nihil eligendi laboriosam quibusdam nihil deleniti quia. Minima dolores quidem soluta veritatis.', 'Numquam iusto perferendis vel nam quis. Possimus quod ut corporis doloribus. In laudantium et et. Dolorem id molestias nostrum atque omnis voluptatum quo.<br>Possimus et facilis corrupti. Reiciendis perspiciatis quaerat quam officia vel. Quia eveniet magni explicabo ipsa nihil voluptatibus atque recusandae.<br>Dicta omnis esse ipsum rerum ex est est. Reiciendis dolorem et nisi autem et vel unde. Expedita suscipit beatae beatae voluptatem. Alias reprehenderit et cupiditate et explicabo qui provident.', 4, '2025-03-14 14:24:18', '2025-03-14 14:24:18', NULL, NULL, NULL, NULL),
(135, NULL, 23, 'Non sapiente ducimus dicta consectetur omnis quia itaque. Est aspernatur quis sint dolore laboriosam distinctio et. Esse aperiam eaque quam.', 'Totam et tenetur et sunt ab. Neque saepe culpa nobis eligendi tempore. Iusto est commodi nulla enim. Neque excepturi veniam iure quod fuga dolor. Dicta maxime porro amet molestias ut accusamus.<br>Sit tenetur et eum omnis. Quas laborum suscipit et error temporibus a. Amet in accusantium sed quis debitis aut.<br>Voluptatem iusto quo saepe cupiditate rerum. Architecto est non est exercitationem ipsum. Velit vel deleniti molestiae ullam.', 5, '2025-03-14 14:24:18', '2025-03-14 14:24:18', NULL, NULL, NULL, NULL),
(136, NULL, NULL, 'Temporibus sit voluptatum facilis et illo. Et maxime delectus soluta fugiat reiciendis.', 'Sequi molestias molestiae excepturi repellat. Dolore odit perferendis vel animi.<br>Veniam sed aut omnis qui eveniet. Eveniet eaque consectetur asperiores sit quia debitis sed doloremque. Distinctio cumque dolor non aut. Odit eveniet nisi eius deserunt.<br>Commodi velit qui soluta ullam. Fugiat minima eum reiciendis. Molestias vel natus sit rerum vel rerum. Dolor praesentium magnam cum pariatur officiis ad quisquam.', 4, '2025-03-14 14:24:18', '2025-03-14 14:24:18', NULL, NULL, NULL, NULL),
(137, 2, 37, 'Omnis debitis occaecati aliquid. Harum amet et et officiis porro aut non. Dolorem sit aliquam exercitationem nobis ut.', 'Voluptatem repudiandae quod debitis voluptatem voluptatibus. Quia distinctio inventore laborum sapiente inventore accusamus. Repellat quo similique repudiandae iusto et recusandae dolorum.<br>Qui pariatur eum tenetur nam sit aut. Ullam eligendi eos sed fugit sed sint. Dolor doloremque fugiat aut.<br>Mollitia eos deleniti alias voluptatem. Rerum minus velit vero. Atque earum itaque quia deleniti modi dolore impedit odio.', 3, '2025-03-14 14:24:18', '2025-03-14 14:24:18', NULL, NULL, NULL, NULL),
(138, 2, NULL, 'Cumque debitis vel repudiandae in numquam et. Quia quo molestiae aut qui. Consequatur qui culpa necessitatibus. Voluptas at ipsam maxime laboriosam magnam.', 'Possimus est aut ratione voluptatem. Maiores a perferendis animi quia quia id a.<br>Ipsam temporibus modi ratione quia fuga et. Molestiae neque mollitia deserunt itaque animi eius et. Et sint fugit reprehenderit porro temporibus ex praesentium. Est ut consequatur quis reprehenderit quibusdam explicabo.<br>Voluptatem quibusdam quod magni omnis. Qui repellat est voluptatem. Sed et porro et quasi fugiat officia. Rerum nobis minus aliquid ut aut quod eum tempore.', 5, '2025-03-14 14:24:18', '2025-03-14 14:24:18', NULL, NULL, NULL, NULL),
(139, 4, NULL, 'Temporibus mollitia cum vero nobis est consequuntur reiciendis. Ut fugit sit tempora. Doloribus delectus saepe non ab nulla dolorem.', 'Eveniet facere sed et quisquam. Occaecati ratione et rerum qui est veniam dolores quisquam. Et non ut aut iusto quia. Aspernatur exercitationem occaecati repellendus saepe sed minima.<br>Nobis voluptate dolores quod quasi corporis. Aut id blanditiis saepe repellendus ipsum fuga quia. Quasi alias corrupti et quasi modi. Dolorum illum beatae voluptatem ducimus quis omnis. Ut ipsa vero debitis dolorem vel id ratione.<br>Dolorem est eligendi fuga est et accusantium. Aut blanditiis debitis alias beatae neque.', 5, '2025-03-14 14:24:18', '2025-03-14 14:24:18', NULL, NULL, NULL, NULL);
INSERT INTO `temoignages` (`id`, `user`, `animal`, `titre`, `texte`, `note`, `created_at`, `updated_at`, `deleted_at`, `img1`, `img2`, `img3`) VALUES
(140, 2, NULL, 'Occaecati consequatur aliquam aut qui omnis. Saepe neque corporis non veritatis molestiae rerum rerum pariatur. Ipsa inventore ab voluptates vitae. Et assumenda nesciunt ad error eveniet quam.', 'In sequi soluta temporibus odit ut distinctio non. Tempora mollitia aut ipsam sapiente totam. Quis magnam ea minima odit delectus. At velit delectus qui unde sapiente assumenda repudiandae nemo.<br>Ab quo sapiente et id dolorem minima. Voluptatem sequi quia quaerat deleniti voluptatem at recusandae. Voluptatem tempore maiores praesentium. Ea molestias sunt fugit ad sit ad.<br>Aliquam maiores labore dignissimos ea libero. Minima delectus amet voluptate odio natus perspiciatis. Cum iusto laboriosam praesentium modi praesentium.', 5, '2025-03-14 14:24:18', '2025-03-14 14:24:18', NULL, NULL, NULL, NULL),
(141, NULL, 17, 'Porro voluptas excepturi eaque quia quia. Quibusdam consequatur debitis ullam non in impedit. Quam distinctio explicabo et corporis eos debitis voluptates. Eos modi praesentium fuga.', 'Hic voluptas quo excepturi id impedit atque. Aperiam maxime eveniet neque quidem magnam temporibus. A cupiditate odio quibusdam ea quidem quaerat id.<br>Odio animi quo totam tenetur voluptates vel ipsum. Minus provident nihil qui placeat. Saepe molestiae inventore explicabo.<br>Cumque officiis et qui corporis officiis. Iure sunt possimus alias doloribus nihil ut. Pariatur nihil sed velit hic voluptatem qui et. Nostrum similique voluptate corporis et provident.', 5, '2025-03-14 14:24:18', '2025-03-14 14:24:18', NULL, NULL, NULL, NULL),
(142, 4, 41, 'Modi et et accusamus neque. Est vero minus ab ratione debitis.', 'Ipsa ipsam vitae voluptas quis et. Qui temporibus dolores unde doloremque aut saepe. Amet amet quia optio accusamus sint hic.<br>Distinctio porro aspernatur vel occaecati. Totam sit quis qui rerum sed rerum aliquid. Id cum quia architecto. Dolorem et eos aut maiores esse est iste quia.<br>Similique ipsum ea cupiditate consequatur fuga explicabo molestias. Est laudantium et corporis impedit. Esse dolores doloremque cumque porro nemo.', 3, '2025-03-14 14:24:19', '2025-03-14 14:24:19', NULL, NULL, NULL, NULL),
(143, 3, NULL, 'Assumenda facere non est sint. Officia veniam reiciendis ut vero cupiditate vel. Et ad et qui harum consequatur et.', 'Consequatur alias iure est doloribus saepe eos. Harum nesciunt sed consequatur. Voluptates aut molestias libero et laudantium. Sit dolorem atque ea quisquam fugiat voluptates et.<br>Praesentium ipsa occaecati dolorum neque molestiae. Cumque placeat neque corrupti facere aut occaecati. Eos molestias esse quisquam architecto architecto consequatur ab aut. Et molestias cumque dolor magnam quibusdam.<br>Iusto quia aperiam libero maiores. Commodi enim ut rerum soluta autem. Earum harum sit quod.', 3, '2025-03-14 14:24:19', '2025-03-14 14:24:19', NULL, NULL, NULL, NULL),
(144, 2, NULL, 'Ab iure voluptatibus ipsum quos vel. Ipsa qui quod incidunt fuga natus sapiente officia. Doloribus tempora eos impedit repellat sed nam impedit. Qui ut vero vel quasi esse.', 'Perferendis quia rerum esse perferendis. Harum dolorum voluptatem accusantium et nemo. Esse occaecati cumque ut.<br>Iure necessitatibus qui quis iusto. Maxime necessitatibus in recusandae magni delectus consequatur ut quasi. Quos autem assumenda exercitationem suscipit voluptatem. Molestiae ullam velit nobis eius voluptate ullam. Quae sunt aspernatur maiores deleniti id.<br>Enim et enim eum dolore voluptatum quaerat nisi. Suscipit quidem neque tenetur aperiam. Enim voluptatem qui sequi cumque eos accusantium nemo.', 4, '2025-03-14 14:24:19', '2025-03-14 14:24:19', NULL, NULL, NULL, NULL),
(145, NULL, 26, 'Dolorum laborum molestias neque. Illum optio nostrum architecto non sint amet sint. Nisi perferendis dolorum qui nihil sunt. Modi aut deserunt dolorem voluptas.', 'Libero est numquam cum molestiae nostrum exercitationem. Laborum aut ea animi blanditiis tempore. Ad maxime neque ut dolore eaque. Laborum omnis omnis veritatis.<br>Totam nobis rerum repellendus. Veritatis veniam minus quis eligendi nobis officiis ratione. At et ut odit harum quas eum. Est voluptas eum vel qui. Excepturi dolore omnis dolores voluptatem.<br>Dolore accusamus sed ea consequatur iste qui. Excepturi aut cum vel atque molestiae iure. Est sed voluptatem sit non explicabo.', 3, '2025-03-14 14:24:19', '2025-03-14 14:24:19', NULL, NULL, NULL, NULL),
(146, 4, 36, 'Officia pariatur reiciendis voluptates est. Sed recusandae impedit nesciunt aspernatur officia voluptatum sapiente. Quaerat temporibus est officia provident.', 'Quae laborum optio voluptatem voluptas et. Corporis ipsum iusto culpa officiis magnam pariatur incidunt. Repellendus soluta deleniti aliquid maiores aut repudiandae. Ut delectus totam ea aut impedit.<br>Reprehenderit facere ea magni. Ut quibusdam pariatur architecto ut culpa voluptatibus. Unde distinctio quis quo eos qui quisquam doloremque doloremque. Rerum nobis similique quia eaque odit minus.<br>Asperiores molestiae cumque cumque aut architecto impedit. Voluptas voluptatem suscipit aut consequatur tempore facilis excepturi veniam. Qui sequi eum eligendi iure sequi at. Sequi dolor occaecati et dolores iure voluptatibus quos.', 3, '2025-03-14 14:24:19', '2025-03-14 14:24:19', NULL, NULL, NULL, NULL),
(147, 2, NULL, 'Possimus qui aut facilis aut. Et unde magnam alias in laboriosam qui rem. Quod maiores vel fugiat non voluptates aut.', 'Laborum debitis est ab. Dignissimos totam mollitia aperiam qui perferendis tempore.<br>Mollitia qui nobis nihil est omnis. Facilis vero numquam quia eum numquam id ipsa.<br>Recusandae culpa ad facilis minima voluptates. Veritatis accusantium ea inventore quam voluptatum. Magni soluta enim nisi rerum porro explicabo adipisci et.', 5, '2025-03-14 14:24:19', '2025-03-14 14:24:19', NULL, NULL, NULL, NULL),
(148, NULL, 5, 'Suscipit quia nisi voluptatibus animi sit earum nihil. Velit et ut et illum ratione voluptas non. Consequatur nisi ut reprehenderit sequi. Id iusto est quam soluta quia placeat.', 'Accusamus temporibus quo id delectus odio. Nobis totam ea rerum. Non dolores quod exercitationem porro.<br>Eos qui beatae maxime enim harum aut. Voluptate nemo exercitationem eum magnam iure consequuntur fugiat. Id eaque quia adipisci perspiciatis.<br>Dicta excepturi omnis explicabo rem cumque. Omnis sunt suscipit ratione commodi est rem. Aut ipsam aut et ut harum nemo culpa et. Veritatis provident laboriosam provident. Cum sed tenetur omnis omnis suscipit eveniet aliquid.', 5, '2025-03-14 14:24:19', '2025-03-14 14:24:19', NULL, NULL, NULL, NULL),
(149, NULL, NULL, 'Qui ullam id voluptatem aut nostrum praesentium. Blanditiis neque aliquam eaque fugit. In modi et ut. Est reprehenderit voluptatum minima suscipit cupiditate voluptatum consequatur.', 'Tenetur sed maiores nisi officia quae culpa sed. Magnam dolor quia earum et esse velit repudiandae suscipit. Quae quia eius ut. Modi excepturi sed voluptatem dicta ipsum earum facere.<br>Quod possimus libero possimus placeat sed amet. Eum sed non eum est aut.<br>Nulla ut architecto qui dolorem velit cumque est dolorem. Excepturi saepe voluptatem minima quae quis.', 5, '2025-03-14 14:24:19', '2025-03-14 14:24:19', NULL, NULL, NULL, NULL),
(150, 4, NULL, 'Quasi ut ipsum necessitatibus exercitationem maxime delectus officiis. Sit possimus nisi et voluptas aliquid et quo.', 'Et ex repellat earum sunt ab non temporibus. Aut expedita neque doloribus magnam eius facilis. Non sit cumque repellat consectetur. Veniam eos laboriosam perferendis minus vel sed accusamus.<br>Debitis inventore et et deleniti nam exercitationem natus. Quidem tempore quas est aut consequatur doloribus corporis.<br>Pariatur labore odit incidunt recusandae. Unde voluptatibus placeat velit vitae.', 5, '2025-03-14 14:24:19', '2025-03-14 14:24:19', NULL, NULL, NULL, NULL);

-- --------------------------------------------------------

--
-- Structure de la table `users`
--

CREATE TABLE `users` (
  `id` bigint(20) UNSIGNED NOT NULL,
  `name` varchar(255) NOT NULL,
  `email` varchar(255) NOT NULL,
  `email_verified_at` timestamp NULL DEFAULT NULL,
  `password` varchar(255) NOT NULL,
  `role` bigint(20) UNSIGNED NOT NULL,
  `remember_token` varchar(100) DEFAULT NULL,
  `created_at` timestamp NULL DEFAULT NULL,
  `updated_at` timestamp NULL DEFAULT NULL,
  `deleted_at` timestamp NULL DEFAULT NULL
) ENGINE=InnoDB DEFAULT CHARSET=utf8mb4 COLLATE=utf8mb4_unicode_ci;

--
-- Déchargement des données de la table `users`
--

INSERT INTO `users` (`id`, `name`, `email`, `email_verified_at`, `password`, `role`, `remember_token`, `created_at`, `updated_at`, `deleted_at`) VALUES
(1, 'Joshua Stiedemann', 'tito23@example.net', '2025-03-14 14:24:18', '$2y$12$DCLyiArfTO6HrveF/v/GuuZXUYuOCRhE8jyLLyElbr.0JzATS5Js6', 1, 'sduOauaiUX', '2025-03-14 14:24:18', '2025-03-14 14:24:18', NULL),
(2, 'Zoe Von', 'malvina.gusikowski@example.com', '2025-03-14 14:24:18', '$2y$12$DCLyiArfTO6HrveF/v/GuuZXUYuOCRhE8jyLLyElbr.0JzATS5Js6', 2, 'o4AhD7X8HV', '2025-03-14 14:24:18', '2025-03-14 14:24:18', NULL),
(3, 'Prof. Iliana Bode DVM', 'vkassulke@example.net', '2025-03-14 14:24:18', '$2y$12$DCLyiArfTO6HrveF/v/GuuZXUYuOCRhE8jyLLyElbr.0JzATS5Js6', 2, 'CLcVwv78t5', '2025-03-14 14:24:18', '2025-03-14 14:24:18', NULL),
(4, 'Prof. Retta McCullough', 'deondre18@example.org', '2025-03-14 14:24:18', '$2y$12$DCLyiArfTO6HrveF/v/GuuZXUYuOCRhE8jyLLyElbr.0JzATS5Js6', 2, 'aFmZ8u6Xu6', '2025-03-14 14:24:18', '2025-03-14 14:24:18', NULL),
(5, 'Lori Hermiston', 'hilpert.general@example.net', '2025-03-14 14:24:18', '$2y$12$DCLyiArfTO6HrveF/v/GuuZXUYuOCRhE8jyLLyElbr.0JzATS5Js6', 3, 'hrv1UxYuWV', '2025-03-14 14:24:18', '2025-03-14 14:24:18', NULL),
(6, 'Madelynn White', 'smitham.kole@example.com', '2025-03-14 14:24:18', '$2y$12$DCLyiArfTO6HrveF/v/GuuZXUYuOCRhE8jyLLyElbr.0JzATS5Js6', 1, 'DtGr8ih64E', '2025-03-14 14:24:18', '2025-03-14 14:24:18', NULL),
(7, 'Xander Walker', 'harold.herzog@example.com', '2025-03-14 14:24:18', '$2y$12$DCLyiArfTO6HrveF/v/GuuZXUYuOCRhE8jyLLyElbr.0JzATS5Js6', 1, 'JjuCdvU7pB', '2025-03-14 14:24:18', '2025-03-14 14:24:18', NULL);

--
-- Index pour les tables déchargées
--

--
-- Index pour la table `animals`
--
ALTER TABLE `animals`
  ADD PRIMARY KEY (`id`),
  ADD KEY `animals_race_foreign` (`race`),
  ADD KEY `animals_race_mere_foreign` (`race_mere`),
  ADD KEY `animals_race_pere_foreign` (`race_pere`);

--
-- Index pour la table `animal_critere`
--
ALTER TABLE `animal_critere`
  ADD PRIMARY KEY (`critere_id`,`animal_id`),
  ADD KEY `animal_critere_animal_id_foreign` (`animal_id`);

--
-- Index pour la table `criteres`
--
ALTER TABLE `criteres`
  ADD PRIMARY KEY (`id`);

--
-- Index pour la table `especes`
--
ALTER TABLE `especes`
  ADD PRIMARY KEY (`id`);

--
-- Index pour la table `galeries`
--
ALTER TABLE `galeries`
  ADD PRIMARY KEY (`id`),
  ADD KEY `galeries_animal_id_foreign` (`animal_id`);

--
-- Index pour la table `migrations`
--
ALTER TABLE `migrations`
  ADD PRIMARY KEY (`id`);

--
-- Index pour la table `races`
--
ALTER TABLE `races`
  ADD PRIMARY KEY (`id`),
  ADD KEY `races_espece_id_foreign` (`espece_id`);

--
-- Index pour la table `roles`
--
ALTER TABLE `roles`
  ADD PRIMARY KEY (`id`);

--
-- Index pour la table `services`
--
ALTER TABLE `services`
  ADD PRIMARY KEY (`id`);

--
-- Index pour la table `statuses`
--
ALTER TABLE `statuses`
  ADD PRIMARY KEY (`id`);

--
-- Index pour la table `status_animals`
--
ALTER TABLE `status_animals`
  ADD PRIMARY KEY (`status_id`,`animal_id`,`date`),
  ADD KEY `status_animals_animal_id_foreign` (`animal_id`);

--
-- Index pour la table `temoignages`
--
ALTER TABLE `temoignages`
  ADD PRIMARY KEY (`id`),
  ADD KEY `temoignages_user_foreign` (`user`),
  ADD KEY `temoignages_animal_foreign` (`animal`);

--
-- Index pour la table `users`
--
ALTER TABLE `users`
  ADD PRIMARY KEY (`id`),
  ADD UNIQUE KEY `users_email_unique` (`email`),
  ADD KEY `users_role_foreign` (`role`);

--
-- AUTO_INCREMENT pour les tables déchargées
--

--
-- AUTO_INCREMENT pour la table `animals`
--
ALTER TABLE `animals`
  MODIFY `id` bigint(20) UNSIGNED NOT NULL AUTO_INCREMENT, AUTO_INCREMENT=51;

--
-- AUTO_INCREMENT pour la table `criteres`
--
ALTER TABLE `criteres`
  MODIFY `id` bigint(20) UNSIGNED NOT NULL AUTO_INCREMENT, AUTO_INCREMENT=16;

--
-- AUTO_INCREMENT pour la table `especes`
--
ALTER TABLE `especes`
  MODIFY `id` bigint(20) UNSIGNED NOT NULL AUTO_INCREMENT, AUTO_INCREMENT=6;

--
-- AUTO_INCREMENT pour la table `galeries`
--
ALTER TABLE `galeries`
  MODIFY `id` bigint(20) UNSIGNED NOT NULL AUTO_INCREMENT;

--
-- AUTO_INCREMENT pour la table `migrations`
--
ALTER TABLE `migrations`
  MODIFY `id` int(10) UNSIGNED NOT NULL AUTO_INCREMENT, AUTO_INCREMENT=15;

--
-- AUTO_INCREMENT pour la table `races`
--
ALTER TABLE `races`
  MODIFY `id` bigint(20) UNSIGNED NOT NULL AUTO_INCREMENT, AUTO_INCREMENT=34;

--
-- AUTO_INCREMENT pour la table `roles`
--
ALTER TABLE `roles`
  MODIFY `id` bigint(20) UNSIGNED NOT NULL AUTO_INCREMENT, AUTO_INCREMENT=4;

--
-- AUTO_INCREMENT pour la table `services`
--
ALTER TABLE `services`
  MODIFY `id` bigint(20) UNSIGNED NOT NULL AUTO_INCREMENT, AUTO_INCREMENT=6;

--
-- AUTO_INCREMENT pour la table `statuses`
--
ALTER TABLE `statuses`
  MODIFY `id` bigint(20) UNSIGNED NOT NULL AUTO_INCREMENT, AUTO_INCREMENT=11;

--
-- AUTO_INCREMENT pour la table `temoignages`
--
ALTER TABLE `temoignages`
  MODIFY `id` bigint(20) UNSIGNED NOT NULL AUTO_INCREMENT, AUTO_INCREMENT=151;

--
-- AUTO_INCREMENT pour la table `users`
--
ALTER TABLE `users`
  MODIFY `id` bigint(20) UNSIGNED NOT NULL AUTO_INCREMENT, AUTO_INCREMENT=8;

--
-- Contraintes pour les tables déchargées
--

--
-- Contraintes pour la table `animals`
--
ALTER TABLE `animals`
  ADD CONSTRAINT `animals_race_foreign` FOREIGN KEY (`race`) REFERENCES `races` (`id`),
  ADD CONSTRAINT `animals_race_mere_foreign` FOREIGN KEY (`race_mere`) REFERENCES `races` (`id`),
  ADD CONSTRAINT `animals_race_pere_foreign` FOREIGN KEY (`race_pere`) REFERENCES `races` (`id`);

--
-- Contraintes pour la table `animal_critere`
--
ALTER TABLE `animal_critere`
  ADD CONSTRAINT `animal_critere_animal_id_foreign` FOREIGN KEY (`animal_id`) REFERENCES `animals` (`id`),
  ADD CONSTRAINT `animal_critere_critere_id_foreign` FOREIGN KEY (`critere_id`) REFERENCES `criteres` (`id`);

--
-- Contraintes pour la table `galeries`
--
ALTER TABLE `galeries`
  ADD CONSTRAINT `galeries_animal_id_foreign` FOREIGN KEY (`animal_id`) REFERENCES `animals` (`id`);

--
-- Contraintes pour la table `races`
--
ALTER TABLE `races`
  ADD CONSTRAINT `races_espece_id_foreign` FOREIGN KEY (`espece_id`) REFERENCES `especes` (`id`);

--
-- Contraintes pour la table `status_animals`
--
ALTER TABLE `status_animals`
  ADD CONSTRAINT `status_animals_animal_id_foreign` FOREIGN KEY (`animal_id`) REFERENCES `animals` (`id`),
  ADD CONSTRAINT `status_animals_status_id_foreign` FOREIGN KEY (`status_id`) REFERENCES `statuses` (`id`);

--
-- Contraintes pour la table `temoignages`
--
ALTER TABLE `temoignages`
  ADD CONSTRAINT `temoignages_animal_foreign` FOREIGN KEY (`animal`) REFERENCES `animals` (`id`),
  ADD CONSTRAINT `temoignages_user_foreign` FOREIGN KEY (`user`) REFERENCES `users` (`id`);

--
-- Contraintes pour la table `users`
--
ALTER TABLE `users`
  ADD CONSTRAINT `users_role_foreign` FOREIGN KEY (`role`) REFERENCES `roles` (`id`);
COMMIT;

/*!40101 SET CHARACTER_SET_CLIENT=@OLD_CHARACTER_SET_CLIENT */;
/*!40101 SET CHARACTER_SET_RESULTS=@OLD_CHARACTER_SET_RESULTS */;
/*!40101 SET COLLATION_CONNECTION=@OLD_COLLATION_CONNECTION */;
